LAM,FGM,FGA,3M,3A,FTM,FTA,REB,Oreb,Turn,steal,SHSU,FGM,FGA,3M,3A,FTM,FTA,REB,Oreb,Turn,steal,Players,Chat GPT Team,Team,Location,Opponent,Opponent Conference,Conference Game,Power,Top 25,STR/BENCH,,STR,Min,FGM,FGA,3M,3A,FTM,FTA,OReb,DReb,AST,STL,TO,PF,PTS,OPP ACTIVE VALUE,OPP HISTORICAL VALUE,TEAM ACTIVE VALUE,TEAM HISTORICAL VALUE,Doubles,Double Doube,Triple Double,0-3+ FG,Perfect 2 FG min 3,Perfect 3 FG min 3,Points Leader,Def Reb Leader,Off Reb Leader,Steal Leader,Assist Leader,Foul Trouble,20+ minutes,20+ points,SM,Line,Clutch ,Overtime,Attendance,Player Points,Points Oregon,Points Troy
,,,,,,,,,,,,Line initial,,,,,,,,,Top 25,Active,Historical,MM Team,Conference,Home Location,,,,,,,,,,,,,,,,,,,,,,,,,,,,,,,,,,,,,,,,,,,,,,,
Abilene Christian,,,,,,,,,,,Abilene Christian,ACU,,,,,,,,,0,,Abilene Christian - 41.703,NO,WAC,"Abilene, TX",,,,,,,,,,,,,,,,,,,,,,,,,,,,,,,,,,,,,,,,,,,,,,,
Air Force,,,,,,,,,,,Air Force,AF,,,,,,,,,0,,Air Force - 10.946,NO,Mountain West,"Colorado Springs, CO",,,,,,,,,,,,,,,,,,,,,,,,,,,,,,,,,,,,,,,,,,,,,,,
Akron,,,,,,,,,,,Akron,,,,,,,,,,0,,Akron - 38.191,YES,MAC,,,,,,,,,,,,,,,,,,,,,,,,,,,,,,,,,,,,,,,,,,,,,,,,
Alabama,,,,,,,,,,,Alabama,ALA,,,,,,,,,1,,Alabama - 70.697,YES,SEC,"Tuscaloosa, AL",,,,,,,,,,,,,,,,,,,,,,,,,,,,,,,,,,,,,,,,,,,,,,,
Alabama A&M,,,,,,,,,,,Alabama A&M,,,,,,,,,,0,,Alabama A&M - 15.567,NO,SWAC,,,,,,,,,,,,,,,,,,,,,,,,,,,,,,,,,,,,,,,,,,,,,,,,
Alabama St.,,,,,,,,,,,Alabama St.,,,,,,,,,,0,,Alabama St. - 6.629,NO,SWAC,,,,,,,,,,,,,,,,,,,,,,,,,,,,,,,,,,,,,,,,,,,,,,,,
Albany,,,,,,,,,,,Albany,UALB,,,,,,,,,0,,Albany - 7.529,NO,American East,"Albany, NY",,,,,,,,,,,,,,,,,,,,,,,,,,,,,,,,,,,,,,,,,,,,,,,
Alcorn St.,,,,,,,,,,,Alcorn St.,,,,,,,,,,0,,Alcorn St. - 15.761,NO,SWAC,,,,,,,,,,,,,,,,,,,,,,,,,,,,,,,,,,,,,,,,,,,,,,,,
American,,,,,,,,,,,American,AMER,,,,,,,,,0,,American - 11.983,NO,Patriot,"Washington, DC",,,,,,,,,,,,,,,,,,,,,,,,,,,,,,,,,,,,,,,,,,,,,,,
Appalachian St.,,,,,,,,,,,Appalachian St.,APP,,,,,,,,,0,,Appalachian St. - 28.323,NO,Sun Belt,"Boone, NC",,,,,,,,,,,,,,,,,,,,,,,,,,,,,,,,,,,,,,,,,,,,,,,
Arizona,,,,,,,,,,,Arizona,ARIZ,,,,,,,,,1,,Arizona - 55.326,YES,Big 12,"Tucson, AZ",,,,,,,,,,,,,,,,,,,,,,,,,,,,,,,,,,,,,,,,,,,,,,,
Arizona St.,,,,,,,,,,,Arizona St.,ASU,,,,,,,,,0,,Arizona St. - 10.705,NO,Big 12,"Tempe, AZ",,,,,,,,,,,,,,,,,,,,,,,,,,,,,,,,,,,,,,,,,,,,,,,
Arkansas,,,,,,,,,,,Arkansas,ARK,,,,,,,,,1,,Arkansas - 60.172,NO,SEC,"Fayetteville, AR",,,,,,,,,,,,,,,,,,,,,,,,,,,,,,,,,,,,,,,,,,,,,,,
Arkansas Pine Bluff,,,,,,,,,,,Arkansas Pine Bluff,,,,,,,,,,0,,Arkansas Pine Bluff - 6.55,NO,SWAC,,,,,,,,,,,,,,,,,,,,,,,,,,,,,,,,,,,,,,,,,,,,,,,,
Arkansas St.,,,,,,,,,,,Arkansas St.,ARST,,,,,,,,,0,,Arkansas St. - 22.157,NO,Sun Belt,"Jonesboro, AR",,,,,,,,,,,,,,,,,,,,,,,,,,,,,,,,,,,,,,,,,,,,,,,
Army,,,,,,,,,,,Army,ARMY,,,,,,,,,0,,Army - 12.615,NO,Patriot,"West Point, NY",,,,,,,,,,,,,,,,,,,,,,,,,,,,,,,,,,,,,,,,,,,,,,,
Auburn,,,,,,,,,,,Auburn,AUB,,,,,,,,,1,,Auburn - 60.197,YES,SEC,"Auburn, AL",,,,,,,,,,,,,,,,,,,,,,,,,,,,,,,,,,,,,,,,,,,,,,,
Austin Peay,,,,,,,,,,,Austin Peay,APSU,,,,,,,,,0,,Austin Peay - 19.648,NO,ASUN,"Clarksville, TN",,,,,,,,,,,,,,,,,,,,,,,,,,,,,,,,,,,,,,,,,,,,,,,
Ball St.,,,,,,,,,,,Ball St.,BALL,,,,,,,,,0,,Ball St. - 9.249,NO,MAC,"Muncie, IN",,,,,,,,,,,,,,,,,,,,,,,,,,,,,,,,,,,,,,,,,,,,,,,
Baylor,,,,,,,,,,,Baylor,BAY,,,,,,,,,1,,Baylor - 67.628,YES,Big 12,"Waco, TX",,,,,,,,,,,,,,,,,,,,,,,,,,,,,,,,,,,,,,,,,,,,,,,
Bellarmine,,,,,,,,,,,Bellarmine,BELL,,,,,,,,,0,,Bellarmine - 17.233,NO,ASUN,"Louisville, KY",,,,,,,,,,,,,,,,,,,,,,,,,,,,,,,,,,,,,,,,,,,,,,,
Belmont,,,,,,,,,,,Belmont,BEL,,,,,,,,,0,,Belmont - 30.544,NO,Missouri Valley,"Nashville, TN",,,,,,,,,,,,,,,,,,,,,,,,,,,,,,,,,,,,,,,,,,,,,,,
Bethune Cookman,,,,,,,,,,,Bethune Cookman,BCU,,,,,,,,,0,,Bethune Cookman - 16.387,NO,SWAC,,,,,,,,,,,,,,,,,,,,,,,,,,,,,,,,,,,,,,,,,,,,,,,,
Binghamton,,,,,,,,,,,Binghamton,,,,,,,,,,0,,Binghamton - 9.61,NO,American East,,,,,,,,,,,,,,,,,,,,,,,,,,,,,,,,,,,,,,,,,,,,,,,,
Boise St.,,,,,,,,,,,Boise St.,BOIS,,,,,,,,,0,,Boise St. - 49.193,YES,Mountain West,"Boise, ID",,,,,,,,,,,,,,,,,,,,,,,,,,,,,,,,,,,,,,,,,,,,,,,
Boston College,,,,,,,,,,,Boston College,BC,,,,,,,,,0,,Boston College - 0.355,NO,ACC,"Chestnut Hill, MA",,,,,,,,,,,,,,,,,,,,,,,,,,,,,,,,,,,,,,,,,,,,,,,
Boston University,,,,,,,,,,,Boston University,BU,,,,,,,,,0,,Boston University - 17.666,NO,Patriot,"Boston, MA",,,,,,,,,,,,,,,,,,,,,,,,,,,,,,,,,,,,,,,,,,,,,,,
Bowling Green,,,,,,,,,,,Bowling Green,BGSU,,,,,,,,,0,,Bowling Green - 20.831,NO,MAC,"Bowling Green, OH",,,,,,,,,,,,,,,,,,,,,,,,,,,,,,,,,,,,,,,,,,,,,,,
Bradley,,,,,,,,,,,Bradley,BRAD,,,,,,,,,0,,Bradley - 33.034,NO,Missouri Valley,"Peoria, IL",,,,,,,,,,,,,,,,,,,,,,,,,,,,,,,,,,,,,,,,,,,,,,,
Brown,,,,,,,,,,,Brown,BRWN,,,,,,,,,0,,Brown - 15.241,NO,Ivy,"Providence, RI",,,,,,,,,,,,,,,,,,,,,,,,,,,,,,,,,,,,,,,,,,,,,,,
Bryant,,,,,,,,,,,Bryant,BRY,,,,,,,,,0,,Bryant - 24.98,NO,American East,"Smithfield, RI",,,,,,,,,,,,,,,,,,,,,,,,,,,,,,,,,,,,,,,,,,,,,,,
Bucknell,,,,,,,,,,,Bucknell,BUCK,,,,,,,,,0,,Bucknell - 10.183,NO,Patriot,"Lewisburg, PA",,,,,,,,,,,,,,,,,,,,,,,,,,,,,,,,,,,,,,,,,,,,,,,
Buffalo,,,,,,,,,,,Buffalo,BUF,,,,,,,,,0,,Buffalo - 12.286,NO,MAC,"Buffalo, NY",,,,,,,,,,,,,,,,,,,,,,,,,,,,,,,,,,,,,,,,,,,,,,,
Butler,,,,,,,,,,,Butler,BUT,,,,,,,,,0,,Butler - 2.512,NO,Big East,"Indianapolis, IN",,,,,,,,,,,,,,,,,,,,,,,,,,,,,,,,,,,,,,,,,,,,,,,
BYU,,,,,,,,,,,BYU,BYU,,,,,,,,,0,,BYU - 26.441,YES,Big 12,"Provo, UT","Salt Lake City, UT",,,,,,,,,,,,,,,,,,,,,,,,,,,,,,,,,,,,,,,,,,,,,,
Cal Baptist,,,,,,,,,,,Cal Baptist,CBU,,,,,,,,,0,,Cal Baptist - 18.677,NO,WAC,"Riverside, CA",,,,,,,,,,,,,,,,,,,,,,,,,,,,,,,,,,,,,,,,,,,,,,,
Cal Poly,,,,,,,,,,,Cal Poly,CP,,,,,,,,,0,,Cal Poly - 5.479,NO,Big West,"San Luis Obispo, CA",,,,,,,,,,,,,,,,,,,,,,,,,,,,,,,,,,,,,,,,,,,,,,,
Cal St. Bakersfield,,,,,,,,,,,Cal St. Bakersfield,CSUB,,,,,,,,,0,,Cal St. Bakersfield - 11.716,NO,Big West,"Bakersfield, CA",,,,,,,,,,,,,,,,,,,,,,,,,,,,,,,,,,,,,,,,,,,,,,,
Cal St. Fullerton,,,,,,,,,,,Cal St. Fullerton,CSUF,,,,,,,,,0,,Cal St. Fullerton - 21.864,NO,Big West,"Fullerton, CA",,,,,,,,,,,,,,,,,,,,,,,,,,,,,,,,,,,,,,,,,,,,,,,
Cal St. Northridge,,,,,,,,,,,Cal St. Northridge,CSUN,,,,,,,,,0,,Cal St. Northridge - 10.436,NO,Big West,"Northridge, CA",,,,,,,,,,,,,,,,,,,,,,,,,,,,,,,,,,,,,,,,,,,,,,,
California,,,,,,,,,,,California,CAL,,,,,,,,,0,,California - -23.234,NO,ACC,"Berkeley, CA",,,,,,,,,,,,,,,,,,,,,,,,,,,,,,,,,,,,,,,,,,,,,,,
Campbell,,,,,,,,,,,Campbell,CAM,,,,,,,,,0,,Campbell - 16.168,NO,CAA,"Buies Creek, NC",,,,,,,,,,,,,,,,,,,,,,,,,,,,,,,,,,,,,,,,,,,,,,,
Canisius,,,,,,,,,,,Canisius,CAN,,,,,,,,,0,,Canisius - 10.241,NO,MAAC,"Buffalo, NY",,,,,,,,,,,,,,,,,,,,,,,,,,,,,,,,,,,,,,,,,,,,,,,
Central Arkansas,,,,,,,,,,,Central Arkansas,,,,,,,,,,0,,Central Arkansas - 6.937,NO,ASUN,,,,,,,,,,,,,,,,,,,,,,,,,,,,,,,,,,,,,,,,,,,,,,,,
Central Connecticut,,,,,,,,,,,Central Connecticut,,,,,,,,,,0,,Central Connecticut - 11.702,NO,NEC,,,,,,,,,,,,,,,,,,,,,,,,,,,,,,,,,,,,,,,,,,,,,,,,
Central Michigan,,,,,,,,,,,Central Michigan,CMU,,,,,,,,,0,,Central Michigan - 9.536,NO,MAC,"Mount Pleasant, MI",,,,,,,,,,,,,,,,,,,,,,,,,,,,,,,,,,,,,,,,,,,,,,,
Charleston,,,,,,,,,,,Charleston,COFC,,,,,,,,,0,,Charleston - 45.913,YES,CAA,"Charleston, SC",,,,,,,,,,,,,,,,,,,,,,,,,,,,,,,,,,,,,,,,,,,,,,,
Charleston Southern,,,,,,,,,,,Charleston Southern,CHSO,,,,,,,,,0,,Charleston Southern - 10.109,NO,Big South,,,,,,,,,,,,,,,,,,,,,,,,,,,,,,,,,,,,,,,,,,,,,,,,
Charlotte,,,,,,,,,,,Charlotte,CLT,,,,,,,,,0,,Charlotte - 14.751,NO,American,"Charlotte, NC",,,,,,,,,,,,,,,,,,,,,,,,,,,,,,,,,,,,,,,,,,,,,,,
Chattanooga,,,,,,,,,,,Chattanooga,UTC,,,,,,,,,0,,Chattanooga - 20.783,NO,Southern,"Chattanooga, TN",,,,,,,,,,,,,,,,,,,,,,,,,,,,,,,,,,,,,,,,,,,,,,,
Chicago St.,,,,,,,,,,,Chicago St.,,,,,,,,,,0,,Chicago St. - 11.358,NO,NEC,"Chicago, IL",,,,,,,,,,,,,,,,,,,,,,,,,,,,,,,,,,,,,,,,,,,,,,,
Cincinnati,,,,,,,,,,,Cincinnati,CIN,,,,,,,,,1,,Cincinnati - 28.397,NO,Big 12,"Cincinnati, OH",,,,,,,,,,,,,,,,,,,,,,,,,,,,,,,,,,,,,,,,,,,,,,,
Clemson,,,,,,,,,,,Clemson,CLEM,,,,,,,,,0,,Clemson - 52.181,YES,ACC,"Clemson, SC",,,,,,,,,,,,,,,,,,,,,,,,,,,,,,,,,,,,,,,,,,,,,,,
Cleveland St.,,,,,,,,,,,Cleveland St.,CLE,,,,,,,,,0,,Cleveland St. - 39.741,NO,Horizon,"Cleveland, OH",,,,,,,,,,,,,,,,,,,,,,,,,,,,,,,,,,,,,,,,,,,,,,,
Coastal Carolina,,,,,,,,,,,Coastal Carolina,CCU,,,,,,,,,0,,Coastal Carolina - 16.883,NO,Sun Belt,"Conway, SC",,,,,,,,,,,,,,,,,,,,,,,,,,,,,,,,,,,,,,,,,,,,,,,
Colgate,,,,,,,,,,,Colgate,COLG,,,,,,,,,0,,Colgate - 64.46,YES,Patriot,,,,,,,,,,,,,,,,,,,,,,,,,,,,,,,,,,,,,,,,,,,,,,,,
Colorado,,,,,,,,,,,Colorado,COLO,,,,,,,,,0,,Colorado - 65.726,YES,Big 12,"Boulder, CO",,,,,,,,,,,,,,,,,,,,,,,,,,,,,,,,,,,,,,,,,,,,,,,
Colorado St.,,,,,,,,,,,Colorado St.,CSU,,,,,,,,,0,,Colorado St. - 44.205,YES,Mountain West,"Fort Collins, CO",,,,,,,,,,,,,,,,,,,,,,,,,,,,,,,,,,,,,,,,,,,,,,,
Columbia,,,,,,,,,,,Columbia,COLU,,,,,,,,,0,,Columbia - 6.975,NO,Ivy,"New York, NY",,,,,,,,,,,,,,,,,,,,,,,,,,,,,,,,,,,,,,,,,,,,,,,
Connecticut,,,,,,,,,,,Connecticut,CONN,,,,,,,,,1,,Connecticut - 97.201,YES,Big East,"Storrs, CT","Hartford, CT",,,,,,,,,,,,,,,,,,,,,,,,,,,,,,,,,,,,,,,,,,,,,,
Coppin St.,,,,,,,,,,,Coppin St.,,,,,,,,,,0,,Coppin St. - 6.971,NO,MEAC,"Baltimore, MD",,,,,,,,,,,,,,,,,,,,,,,,,,,,,,,,,,,,,,,,,,,,,,,
Cornell,,,,,,,,,,,Cornell,COR,,,,,,,,,0,,Cornell - 18.884,NO,Ivy,"Ithaca, NY",,,,,,,,,,,,,,,,,,,,,,,,,,,,,,,,,,,,,,,,,,,,,,,
Creighton,,,,,,,,,,,Creighton,CREI,,,,,,,,,1,,Creighton - 87.696,YES,Big East,"Omaha, NE",,,,,,,,,,,,,,,,,,,,,,,,,,,,,,,,,,,,,,,,,,,,,,,
Dartmouth,,,,,,,,,,,Dartmouth,DART,,,,,,,,,0,,Dartmouth - 6.922,NO,Ivy,"Hanover, NH",,,,,,,,,,,,,,,,,,,,,,,,,,,,,,,,,,,,,,,,,,,,,,,
Davidson,,,,,,,,,,,Davidson,DAV,,,,,,,,,0,,Davidson - 24.752,NO,A10,"Davidson, NC",,,,,,,,,,,,,,,,,,,,,,,,,,,,,,,,,,,,,,,,,,,,,,,
Dayton,,,,,,,,,,,Dayton,DAY,,,,,,,,,0,,Dayton - 44.569,YES,A10,"Dayton, OH",,,,,,,,,,,,,,,,,,,,,,,,,,,,,,,,,,,,,,,,,,,,,,,
Delaware,,,,,,,,,,,Delaware,DEL,,,,,,,,,0,,Delaware - 16.702,NO,CAA,"Newark, DE",,,,,,,,,,,,,,,,,,,,,,,,,,,,,,,,,,,,,,,,,,,,,,,
Delaware St.,,,,,,,,,,,Delaware St.,,,,,,,,,,0,,Delaware St. - 16.999,NO,MEAC,,,,,,,,,,,,,,,,,,,,,,,,,,,,,,,,,,,,,,,,,,,,,,,,
Denver,,,,,,,,,,,Denver,DEN,,,,,,,,,0,,Denver - 11.969,NO,Summit,"Denver, CO",,,,,,,,,,,,,,,,,,,,,,,,,,,,,,,,,,,,,,,,,,,,,,,
DePaul,,,,,,,,,,,DePaul,DEP,,,,,,,,,0,,DePaul - -17.123,NO,Big East,"Chicago, IL",,,,,,,,,,,,,,,,,,,,,,,,,,,,,,,,,,,,,,,,,,,,,,,
Detroit Mercy,,,,,,,,,,,Detroit Mercy,DETM,,,,,,,,,0,,Detroit Mercy - 8.951,NO,Horizon,"Detroit, MI",,,,,,,,,,,,,,,,,,,,,,,,,,,,,,,,,,,,,,,,,,,,,,,
Drake,,,,,,,,,,,Drake,DRKE,,,,,,,,,0,,Drake - 63.597,YES,Missouri Valley,"Des Moines, IA",,,,,,,,,,,,,,,,,,,,,,,,,,,,,,,,,,,,,,,,,,,,,,,
Drexel,,,,,,,,,,,Drexel,,,,,,,,,,0,,Drexel - 16.136,NO,CAA,"Philadelphia, PA",,,,,,,,,,,,,,,,,,,,,,,,,,,,,,,,,,,,,,,,,,,,,,,
Duke,,,,,,,,,,,Duke,DUKE,,,,,,,,,1,,Duke - 74.792,YES,ACC,"Durham, NC",,,,,,,,,,,,,,,,,,,,,,,,,,,,,,,,,,,,,,,,,,,,,,,
Duquesne,,,,,,,,,,,Duquesne,DUQ,,,,,,,,,0,,Duquesne - 42.907,YES,A10,"Pittsburgh, PA",,,,,,,,,,,,,,,,,,,,,,,,,,,,,,,,,,,,,,,,,,,,,,,
East Carolina,,,,,,,,,,,East Carolina,ECU,,,,,,,,,0,,East Carolina - 10.686,NO,American,"Greenville, NC",,,,,,,,,,,,,,,,,,,,,,,,,,,,,,,,,,,,,,,,,,,,,,,
East Tennessee St.,,,,,,,,,,,East Tennessee St.,ETSU,,,,,,,,,0,,East Tennessee St. - 17.863,NO,Southern,"Johnson City, TN",,,,,,,,,,,,,,,,,,,,,,,,,,,,,,,,,,,,,,,,,,,,,,,
East Texas A&M,,,,,,,,,,,East Texas A&M,ETAM,,,,,,,,,0,,East Texas A&M - 13.773,NO,Southland,"Commerce, TX",,,,,,,,,,,,,,,,,,,,,,,,,,,,,,,,,,,,,,,,,,,,,,,
Eastern Illinois,,,,,,,,,,,Eastern Illinois,,,,,,,,,,0,,Eastern Illinois - 6.839,NO,Ohio Valley,,,,,,,,,,,,,,,,,,,,,,,,,,,,,,,,,,,,,,,,,,,,,,,,
Eastern Kentucky,,,,,,,,,,,Eastern Kentucky,EKU,,,,,,,,,0,,Eastern Kentucky - 20.343,NO,ASUN,"Richmond, KY",,,,,,,,,,,,,,,,,,,,,,,,,,,,,,,,,,,,,,,,,,,,,,,
Eastern Michigan,,,,,,,,,,,Eastern Michigan,,,,,,,,,,0,,Eastern Michigan - 6.991,NO,MAC,,,,,,,,,,,,,,,,,,,,,,,,,,,,,,,,,,,,,,,,,,,,,,,,
Eastern Washington,,,,,,,,,,,Eastern Washington,,,,,,,,,,0,,Eastern Washington - 25.019,NO,Big Sky,"Cheney, WA",,,,,,,,,,,,,,,,,,,,,,,,,,,,,,,,,,,,,,,,,,,,,,,
Elon,,,,,,,,,,,Elon,,,,,,,,,,0,,Elon - 9.087,NO,CAA,,,,,,,,,,,,,,,,,,,,,,,,,,,,,,,,,,,,,,,,,,,,,,,,
Evansville,,,,,,,,,,,Evansville,EVAN,,,,,,,,,0,,Evansville - 13.981,NO,Missouri Valley,"Evansville, IN",,,,,,,,,,,,,,,,,,,,,,,,,,,,,,,,,,,,,,,,,,,,,,,
Fairfield,,,,,,,,,,,Fairfield,FAIR,,,,,,,,,0,,Fairfield - 20.513,NO,MAAC,"Gainesville, FL",,,,,,,,,,,,,,,,,,,,,,,,,,,,,,,,,,,,,,,,,,,,,,,
Fairleigh Dickinson,,,,,,,,,,,Fairleigh Dickinson,FDU,,,,,,,,,0,,Fairleigh Dickinson - 23.068,NO,NEC,"Hackensack, NJ",,,,,,,,,,,,,,,,,,,,,,,,,,,,,,,,,,,,,,,,,,,,,,,
FIU,,,,,,,,,,,FIU,,,,,,,,,,0,,FIU - 11.907,NO,CUSA,,,,,,,,,,,,,,,,,,,,,,,,,,,,,,,,,,,,,,,,,,,,,,,,
Florida,,,,,,,,,,,Florida,FLA,,,,,,,,,1,,Florida - 26.868,YES,SEC,"Gainesville, FL",,,,,,,,,,,,,,,,,,,,,,,,,,,,,,,,,,,,,,,,,,,,,,,
Florida A&M,,,,,,,,,,,Florida A&M,,,,,,,,,,0,,Florida A&M - 6.294,NO,SWAC,,,,,,,,,,,,,,,,,,,,,,,,,,,,,,,,,,,,,,,,,,,,,,,,
Florida Atlantic,,,,,,,,,,,Florida Atlantic,FAU,,,,,,,,,0,,Florida Atlantic - 61.734,YES,American,,,,,,,,,,,,,,,,,,,,,,,,,,,,,,,,,,,,,,,,,,,,,,,,
Florida Gulf Coast,,,,,,,,,,,Florida Gulf Coast,FGCU,,,,,,,,,0,,Florida Gulf Coast - 10.368,NO,ASUN,"Fort Myers, FL",,,,,,,,,,,,,,,,,,,,,,,,,,,,,,,,,,,,,,,,,,,,,,,
Florida St.,,,,,,,,,,,Florida St.,FSU,,,,,,,,,0,,Florida St. - 21.817,NO,ACC,"Tallahassee, FL",,,,,,,,,,,,,,,,,,,,,,,,,,,,,,,,,,,,,,,,,,,,,,,
Fordham,,,,,,,,,,,Fordham,FOR,,,,,,,,,0,,Fordham - 11.706,NO,A10,"Bronx, NY",,,,,,,,,,,,,,,,,,,,,,,,,,,,,,,,,,,,,,,,,,,,,,,
Fresno St.,,,,,,,,,,,Fresno St.,FRES,,,,,,,,,0,,Fresno St. - 12.17,NO,Mountain West,"Fresno, CA",,,,,,,,,,,,,,,,,,,,,,,,,,,,,,,,,,,,,,,,,,,,,,,
Furman,,,,,,,,,,,Furman,FUR,,,,,,,,,0,,Furman - 34.492,NO,Southern,"Greenville, SC",,,,,,,,,,,,,,,,,,,,,,,,,,,,,,,,,,,,,,,,,,,,,,,
Gardner Webb,,,,,,,,,,,Gardner Webb,GWEB,,,,,,,,,0,,Gardner Webb - 13.802,NO,Big South,"Boiling Springs, NC",,,,,,,,,,,,,,,,,,,,,,,,,,,,,,,,,,,,,,,,,,,,,,,
George Mason,,,,,,,,,,,George Mason,GMU,,,,,,,,,0,,George Mason - 11.913,NO,A10,"Fairfax, VA",,,,,,,,,,,,,,,,,,,,,,,,,,,,,,,,,,,,,,,,,,,,,,,
George Washington,,,,,,,,,,,George Washington,GW,,,,,,,,,0,,George Washington - 6.424,NO,A10,"Washington, DC",,,,,,,,,,,,,,,,,,,,,,,,,,,,,,,,,,,,,,,,,,,,,,,
Georgetown,,,,,,,,,,,Georgetown,GTWN,,,,,,,,,0,,Georgetown - -14.013,NO,Big East,"Washington, DC",,,,,,,,,,,,,,,,,,,,,,,,,,,,,,,,,,,,,,,,,,,,,,,
Georgia,,,,,,,,,,,Georgia,UGA,,,,,,,,,0,,Georgia - -0.491,NO,SEC,"Athens, GA",,,,,,,,,,,,,,,,,,,,,,,,,,,,,,,,,,,,,,,,,,,,,,,
Georgia Southern,,,,,,,,,,,Georgia Southern,GASO,,,,,,,,,0,,Georgia Southern - 11.397,NO,Sun Belt,"Statesboro, GA",,,,,,,,,,,,,,,,,,,,,,,,,,,,,,,,,,,,,,,,,,,,,,,
Georgia St.,,,,,,,,,,,Georgia St.,GAST,,,,,,,,,0,,Georgia St. - 19.345,NO,Sun Belt,"Atlanta, GA",,,,,,,,,,,,,,,,,,,,,,,,,,,,,,,,,,,,,,,,,,,,,,,
Georgia Tech,,,,,,,,,,,Georgia Tech,GT,,,,,,,,,0,,Georgia Tech - -3.36,NO,ACC,"Atlanta, GA",,,,,,,,,,,,,,,,,,,,,,,,,,,,,,,,,,,,,,,,,,,,,,,
Gonzaga,,,,,,,,,,,Gonzaga,GONZ,,,,,,,,,1,,Gonzaga - 93.118,YES,WCC,"Spokane, WA",,,,,,,,,,,,,,,,,,,,,,,,,,,,,,,,,,,,,,,,,,,,,,,
Grambling St.,,,,,,,,,,,Grambling St.,,,,,,,,,,0,,Grambling St. - 36.039,YES,SWAC,,,,,,,,,,,,,,,,,,,,,,,,,,,,,,,,,,,,,,,,,,,,,,,,
Grand Canyon,,,,,,,,,,,Grand Canyon,GCU,,,,,,,,,0,,Grand Canyon - 59.398,YES,WAC,"Phoenix, AZ",,,,,,,,,,,,,,,,,,,,,,,,,,,,,,,,,,,,,,,,,,,,,,,
Green Bay,,,,,,,,,,,Green Bay,,,,,,,,,,0,,Green Bay - 2.338,NO,Horizon,"Ashwaubenon, WI",,,,,,,,,,,,,,,,,,,,,,,,,,,,,,,,,,,,,,,,,,,,,,,
Hampton,,,,,,,,,,,Hampton,HAMP,,,,,,,,,0,,Hampton - 10.548,NO,CAA,"Hampton, VA",,,,,,,,,,,,,,,,,,,,,,,,,,,,,,,,,,,,,,,,,,,,,,,
Harvard,,,,,,,,,,,Harvard,HARV,,,,,,,,,0,,Harvard - 16.587,NO,Ivy,"Cambridge, MA",,,,,,,,,,,,,,,,,,,,,,,,,,,,,,,,,,,,,,,,,,,,,,,
Hawaii,,,,,,,,,,,Hawaii,HAW,,,,,,,,,0,,Hawaii - 15.843,NO,Big West,"Honolulu, HI",,,,,,,,,,,,,,,,,,,,,,,,,,,,,,,,,,,,,,,,,,,,,,,
High Point,,,,,,,,,,,High Point,HPU,,,,,,,,,0,,High Point - 19.187,NO,Big South,"High Point, NC",,,,,,,,,,,,,,,,,,,,,,,,,,,,,,,,,,,,,,,,,,,,,,,
Hofstra,,,,,,,,,,,Hofstra,HOF,,,,,,,,,0,,Hofstra - 30.685,NO,CAA,"Hempstead, NY",,,,,,,,,,,,,,,,,,,,,,,,,,,,,,,,,,,,,,,,,,,,,,,
Holy Cross,,,,,,,,,,,Holy Cross,HC,,,,,,,,,0,,Holy Cross - 8.725,NO,Patriot,,,,,,,,,,,,,,,,,,,,,,,,,,,,,,,,,,,,,,,,,,,,,,,,
Houston,,,,,,,,,,,Houston,HOU,,,,,,,,,1,,Houston - 103.058,YES,Big 12,"Houston, TX",,,,,,,,,,,,,,,,,,,,,,,,,,,,,,,,,,,,,,,,,,,,,,,
Houston Christian,,,,,,,,,,,Houston Christian,,,,,,,,,,0,,Houston Christian - 6.772,NO,Southland,,,,,,,,,,,,,,,,,,,,,,,,,,,,,,,,,,,,,,,,,,,,,,,,
Howard,,,,,,,,,,,Howard,HOW,,,,,,,,,0,,Howard - 37.77,YES,MEAC,,,,,,,,,,,,,,,,,,,,,,,,,,,,,,,,,,,,,,,,,,,,,,,,
Idaho,,,,,,,,,,,Idaho,,,,,,,,,,0,,Idaho - 4.933,NO,Big Sky,"Moscow, ID",,,,,,,,,,,,,,,,,,,,,,,,,,,,,,,,,,,,,,,,,,,,,,,
Idaho St.,,,,,,,,,,,Idaho St.,,,,,,,,,,0,,Idaho St. - 12.296,NO,Big Sky,,,,,,,,,,,,,,,,,,,,,,,,,,,,,,,,,,,,,,,,,,,,,,,,
Illinois,,,,,,,,,,,Illinois,ILL,,,,,,,,,0,,Illinois - 68.631,YES,Big Ten,"Champaign, IL",,,,,,,,,,,,,,,,,,,,,,,,,,,,,,,,,,,,,,,,,,,,,,,
Illinois Chicago,,,,,,,,,,,Illinois Chicago,UIC,,,,,,,,,0,,Illinois Chicago - 9.077,NO,Missouri Valley,"Chicago, IL",,,,,,,,,,,,,,,,,,,,,,,,,,,,,,,,,,,,,,,,,,,,,,,
Illinois St.,,,,,,,,,,,Illinois St.,ILST,,,,,,,,,0,,Illinois St. - 6.724,NO,Missouri Valley,"Normal, IL",,,,,,,,,,,,,,,,,,,,,,,,,,,,,,,,,,,,,,,,,,,,,,,
Incarnate Word,,,,,,,,,,,Incarnate Word,UIW,,,,,,,,,0,,Incarnate Word - 6.436,NO,Southland,"San Antonio, TX",,,,,,,,,,,,,,,,,,,,,,,,,,,,,,,,,,,,,,,,,,,,,,,
Indiana,,,,,,,,,,,Indiana,IU,,,,,,,,,1,,Indiana - 24.765,NO,Big Ten,"Bloomington, IN",,,,,,,,,,,,,,,,,,,,,,,,,,,,,,,,,,,,,,,,,,,,,,,
Indiana St.,,,,,,,,,,,Indiana St.,INST,,,,,,,,,0,,Indiana St. - 33.401,NO,Missouri Valley,"Terre Haute, IN",,,,,,,,,,,,,,,,,,,,,,,,,,,,,,,,,,,,,,,,,,,,,,,
Iona,,,,,,,,,,,Iona,IONA,,,,,,,,,0,,Iona - 35.84,NO,MAAC,"New Rochelle, NY",,,,,,,,,,,,,,,,,,,,,,,,,,,,,,,,,,,,,,,,,,,,,,,
Iowa,,,,,,,,,,,Iowa,IOWA,,,,,,,,,0,,Iowa - 38.66,NO,Big Ten,"Iowa City, IA","Des Moines, IA",,,,,,,,,,,,,,,,,,,,,,,,,,,,,,,,,,,,,,,,,,,,,,
Iowa St.,,,,,,,,,,,Iowa St.,ISU,,,,,,,,,1,,Iowa St. - 43.735,YES,Big 12,"Ames, IA",,,,,,,,,,,,,,,,,,,,,,,,,,,,,,,,,,,,,,,,,,,,,,,
IU Indy,,,,,,,,,,,IU Indy,IUIN,,,,,,,,,0,,IU Indy - 4.211,NO,Horizon,"Indianapolis, IN",,,,,,,,,,,,,,,,,,,,,,,,,,,,,,,,,,,,,,,,,,,,,,,
Jackson St.,,,,,,,,,,,Jackson St.,,,,,,,,,,0,,Jackson St. - 10.194,NO,SWAC,,,,,,,,,,,,,,,,,,,,,,,,,,,,,,,,,,,,,,,,,,,,,,,,
Jacksonville,,,,,,,,,,,Jacksonville,JAX,,,,,,,,,0,,Jacksonville - 14.844,NO,ASUN,"Jacksonville, FL",,,,,,,,,,,,,,,,,,,,,,,,,,,,,,,,,,,,,,,,,,,,,,,
Jacksonville St.,,,,,,,,,,,Jacksonville St.,JXST,,,,,,,,,0,,Jacksonville St. - 15.992,NO,CUSA,"Jacksonville, AL",,,,,,,,,,,,,,,,,,,,,,,,,,,,,,,,,,,,,,,,,,,,,,,
James Madison,,,,,,,,,,,James Madison,JMU,,,,,,,,,0,,James Madison - 39.084,YES,Sun Belt,"Harrisonburg, VA",,,,,,,,,,,,,,,,,,,,,,,,,,,,,,,,,,,,,,,,,,,,,,,
Kansas,,,,,,,,,,,Kansas,KU,,,,,,,,,1,,Kansas - 63.89,YES,Big 12,"Lawrence, KS",,,,,,,,,,,,,,,,,,,,,,,,,,,,,,,,,,,,,,,,,,,,,,,
Kansas St.,,,,,,,,,,,Kansas St.,KSU,,,,,,,,,0,,Kansas St. - 18.929,NO,Big 12,"Manhattan, KS",,,,,,,,,,,,,,,,,,,,,,,,,,,,,,,,,,,,,,,,,,,,,,,
Kennesaw St.,,,,,,,,,,,Kennesaw St.,KENN,,,,,,,,,0,,Kennesaw St. - 23.359,NO,CUSA,"Kennesaw, GA",,,,,,,,,,,,,,,,,,,,,,,,,,,,,,,,,,,,,,,,,,,,,,,
Kent St.,,,,,,,,,,,Kent St.,KENT,,,,,,,,,0,,Kent St. - 34.294,NO,MAC,,,,,,,,,,,,,,,,,,,,,,,,,,,,,,,,,,,,,,,,,,,,,,,,
Kentucky,,,,,,,,,,,Kentucky,UK,,,,,,,,,1,,Kentucky - 36.035,YES,SEC,"Lexington, KY",,,,,,,,,,,,,,,,,,,,,,,,,,,,,,,,,,,,,,,,,,,,,,,
La Salle,,,,,,,,,,,La Salle,LAS,,,,,,,,,0,,La Salle - 13.5,NO,A10,"Philadelphia, PA",,,,,,,,,,,,,,,,,,,,,,,,,,,,,,,,,,,,,,,,,,,,,,,
Lafayette,,,,,,,,,,,Lafayette,,,,,,,,,,0,,Lafayette - 9.081,NO,Patriot,"Easton, PA",,,,,,,,,,,,,,,,,,,,,,,,,,,,,,,,,,,,,,,,,,,,,,,
Lamar,,,,,,,,,,,Lamar,,,,,,,,,,0,,Lamar - 9.807,NO,Southland,,,,,,,,,,,,,,,,,,,,,,,,,,,,,,,,,,,,,,,,,,,,,,,,
Le Moyne,,,,,,,,,,,Le Moyne,,,,,,,,,,0,,Le Moyne - 13.022,NO,NEC,"Syracuse, NY",,,,,,,,,,,,,,,,,,,,,,,,,,,,,,,,,,,,,,,,,,,,,,,
Lehigh,,,,,,,,,,,Lehigh,,,,,,,,,,0,,Lehigh - 13.451,NO,Patriot,,,,,,,,,,,,,,,,,,,,,,,,,,,,,,,,,,,,,,,,,,,,,,,,
Liberty,,,,,,,,,,,Liberty,LIB,,,,,,,,,0,,Liberty - 35.501,NO,CUSA,"Lynchburg, VA",,,,,,,,,,,,,,,,,,,,,,,,,,,,,,,,,,,,,,,,,,,,,,,
Lindenwood,,,,,,,,,,,Lindenwood,,,,,,,,,,0,,Lindenwood - 10.95,NO,Ohio Valley,,,,,,,,,,,,,,,,,,,,,,,,,,,,,,,,,,,,,,,,,,,,,,,,
Lipscomb,,,,,,,,,,,Lipscomb,LIP,,,,,,,,,0,,Lipscomb - 15.465,NO,ASUN,"Nashville, TN",,,,,,,,,,,,,,,,,,,,,,,,,,,,,,,,,,,,,,,,,,,,,,,
Little Rock,,,,,,,,,,,Little Rock,LR,,,,,,,,,0,,Little Rock - 20.249,NO,Ohio Valley,,,,,,,,,,,,,,,,,,,,,,,,,,,,,,,,,,,,,,,,,,,,,,,,
LIU,,,,,,,,,,,LIU,,,,,,,,,,0,,LIU - 7.111,NO,NEC,,,,,,,,,,,,,,,,,,,,,,,,,,,,,,,,,,,,,,,,,,,,,,,,
Long Beach St.,,,,,,,,,,,Long Beach St.,LBSU,,,,,,,,,0,,Long Beach St. - 32.877,YES,Big West,"Long Beach, CA",,,,,,,,,,,,,,,,,,,,,,,,,,,,,,,,,,,,,,,,,,,,,,,
Longwood,,,,,,,,,,,Longwood,LONG,,,,,,,,,0,,Longwood - 37.922,YES,Big South,"Farmville, VA",,,,,,,,,,,,,,,,,,,,,,,,,,,,,,,,,,,,,,,,,,,,,,,
Louisiana,,,,,,,,,,,Louisiana,,,,,,,,,,0,,Louisiana - 25.538,NO,Sun Belt,"Lafayette, LA",,,,,,,,,,,,,,,,,,,,,,,,,,,,,,,,,,,,,,,,,,,,,,,
Louisiana Monroe,,,,,,,,,,,Louisiana Monroe,,,,,,,,,,0,,Louisiana Monroe - 9.139,NO,Sun Belt,,,,,,,,,,,,,,,,,,,,,,,,,,,,,,,,,,,,,,,,,,,,,,,,
Louisiana Tech,,,,,,,,,,,Louisiana Tech,LT,,,,,,,,,0,,Louisiana Tech - 16.604,NO,CUSA,"Ruston, LA",,,,,,,,,,,,,,,,,,,,,,,,,,,,,,,,,,,,,,,,,,,,,,,
Louisville,,,,,,,,,,,Louisville,LOU,,,,,,,,,0,,Louisville - -12.298,NO,ACC,"Louisville, KY",,,,,,,,,,,,,,,,,,,,,,,,,,,,,,,,,,,,,,,,,,,,,,,
Loyola Chicago,,,,,,,,,,,Loyola Chicago,LUC,,,,,,,,,0,,Loyola Chicago - 41.072,NO,A10,"Chicago, IL",,,,,,,,,,,,,,,,,,,,,,,,,,,,,,,,,,,,,,,,,,,,,,,
Loyola Marymount,,,,,,,,,,,Loyola Marymount,,,,,,,,,,0,,Loyola Marymount - 11.192,NO,WCC,"Los Angeles, CA",,,,,,,,,,,,,,,,,,,,,,,,,,,,,,,,,,,,,,,,,,,,,,,
Loyola MD,,,,,,,,,,,Loyola MD,L-MD,,,,,,,,,0,,Loyola MD - 8.86,NO,Patriot,"Baltimore, MD",,,,,,,,,,,,,,,,,,,,,,,,,,,,,,,,,,,,,,,,,,,,,,,
LSU,,,,,,,,,,,LSU,LSU,,,,,,,,,0,,LSU - 28.744,NO,SEC,"Baton Rouge, LA",,,,,,,,,,,,,,,,,,,,,,,,,,,,,,,,,,,,,,,,,,,,,,,
Maine,,,,,,,,,,,Maine,,,,,,,,,,0,,Maine - 7.106,NO,American East,,,,,,,,,,,,,,,,,,,,,,,,,,,,,,,,,,,,,,,,,,,,,,,,
Manhattan,,,,,,,,,,,Manhattan,MAN,,,,,,,,,0,,Manhattan - 5.552,NO,MAAC,"Riverdale, NY",,,,,,,,,,,,,,,,,,,,,,,,,,,,,,,,,,,,,,,,,,,,,,,
Marist,,,,,,,,,,,Marist,MRST,,,,,,,,,0,,Marist - 15.655,NO,MAAC,"Poughkeepsie, NY",,,,,,,,,,,,,,,,,,,,,,,,,,,,,,,,,,,,,,,,,,,,,,,
Marquette,,,,,,,,,,,Marquette,MARQ,,,,,,,,,1,,Marquette - 48.524,YES,Big East,"Milwaukee, WI",,,,,,,,,,,,,,,,,,,,,,,,,,,,,,,,,,,,,,,,,,,,,,,
Marshall,,,,,,,,,,,Marshall,MRSH,,,,,,,,,0,,Marshall - 14.659,NO,Sun Belt,"Huntington, WV",,,,,,,,,,,,,,,,,,,,,,,,,,,,,,,,,,,,,,,,,,,,,,,
Maryland,,,,,,,,,,,Maryland,MD,,,,,,,,,0,,Maryland - 28.901,NO,Big Ten,"College Park, MD",,,,,,,,,,,,,,,,,,,,,,,,,,,,,,,,,,,,,,,,,,,,,,,
Maryland Eastern Shore,,,,,,,,,,,Maryland Eastern Shore,,,,,,,,,,0,,Maryland Eastern Shore - 9.637,NO,MEAC,,,,,,,,,,,,,,,,,,,,,,,,,,,,,,,,,,,,,,,,,,,,,,,,
Massachusetts,,,,,,,,,,,Massachusetts,MASS,,,,,,,,,0,,Massachusetts - 9.804,NO,A10,"Amherst, MA",,,,,,,,,,,,,,,,,,,,,,,,,,,,,,,,,,,,,,,,,,,,,,,
McNeese St.,,,,,,,,,,,McNeese St.,,,,,,,,,,0,,McNeese St. - 29.493,YES,Southland,,,,,,,,,,,,,,,,,,,,,,,,,,,,,,,,,,,,,,,,,,,,,,,,
Memphis,,,,,,,,,,,Memphis,MEM,,,,,,,,,0,,Memphis - 43.411,NO,American,"Memphis, TN",,,,,,,,,,,,,,,,,,,,,,,,,,,,,,,,,,,,,,,,,,,,,,,
Mercer,,,,,,,,,,,Mercer,,,,,,,,,,0,,Mercer - 12.945,NO,Southern,,,,,,,,,,,,,,,,,,,,,,,,,,,,,,,,,,,,,,,,,,,,,,,,
Mercyhurst,,,,,,,,,,,Mercyhurst,MERC,,,,,,,,,0,,Mercyhurst - 9,NO,NEC,"Erie, PA",,,,,,,,,,,,,,,,,,,,,,,,,,,,,,,,,,,,,,,,,,,,,,,
Merrimack,,,,,,,,,,,Merrimack,,,,,,,,,,0,,Merrimack - 25.407,NO,NEC,"North Andover, MA",,,,,,,,,,,,,,,,,,,,,,,,,,,,,,,,,,,,,,,,,,,,,,,
Miami FL,,,,,,,,,,,Miami FL,MIA,,,,,,,,,0,,Miami FL - 39.334,NO,ACC,"Coral Gables, FL",,,,,,,,,,,,,,,,,,,,,,,,,,,,,,,,,,,,,,,,,,,,,,,
Miami OH,,,,,,,,,,,Miami OH,M-OH,,,,,,,,,0,,Miami OH - 7.856,NO,MAC,"Oxford, OH",,,,,,,,,,,,,,,,,,,,,,,,,,,,,,,,,,,,,,,,,,,,,,,
Michigan,,,,,,,,,,,Michigan,MICH,,,,,,,,,0,,Michigan - 34.485,NO,Big Ten,"Ann Arbor, MI",,,,,,,,,,,,,,,,,,,,,,,,,,,,,,,,,,,,,,,,,,,,,,,
Michigan St.,,,,,,,,,,,Michigan St.,MSU,,,,,,,,,0,,Michigan St. - 75.472,YES,Big Ten,"East Lansing, MI",,,,,,,,,,,,,,,,,,,,,,,,,,,,,,,,,,,,,,,,,,,,,,,
Middle Tennessee,,,,,,,,,,,Middle Tennessee,MTSU,,,,,,,,,0,,Middle Tennessee - 19.369,NO,CUSA,"Murfreesboro, TN",,,,,,,,,,,,,,,,,,,,,,,,,,,,,,,,,,,,,,,,,,,,,,,
Milwaukee,,,,,,,,,,,Milwaukee,,,,,,,,,,0,,Milwaukee - 23.636,NO,Horizon,,,,,,,,,,,,,,,,,,,,,,,,,,,,,,,,,,,,,,,,,,,,,,,,
Minnesota,,,,,,,,,,,Minnesota,MINN,,,,,,,,,0,,Minnesota - 2.603,NO,Big Ten,"Minneapolis, MN",,,,,,,,,,,,,,,,,,,,,,,,,,,,,,,,,,,,,,,,,,,,,,,
Mississippi,,,,,,,,,,,Mississippi,MISS,,,,,,,,,1,,Mississippi - -2.457,NO,SEC,"Oxford, MS",,,,,,,,,,,,,,,,,,,,,,,,,,,,,,,,,,,,,,,,,,,,,,,
Mississippi St.,,,,,,,,,,,Mississippi St.,MSST,,,,,,,,,0,,Mississippi St. - 43.159,YES,SEC,"Starkville, MS",,,,,,,,,,,,,,,,,,,,,,,,,,,,,,,,,,,,,,,,,,,,,,,
Mississippi Valley St.,,,,,,,,,,,Mississippi Valley St.,,,,,,,,,,0,,Mississippi Valley St. - 3.062,NO,SWAC,,,,,,,,,,,,,,,,,,,,,,,,,,,,,,,,,,,,,,,,,,,,,,,,
Missouri,,,,,,,,,,,Missouri,MIZ,,,,,,,,,0,,Missouri - 12.365,NO,SEC,"Columbia, MO",,,,,,,,,,,,,,,,,,,,,,,,,,,,,,,,,,,,,,,,,,,,,,,
Missouri St.,,,,,,,,,,,Missouri St.,MOST,,,,,,,,,0,,Missouri St. - 19.837,NO,Missouri Valley,"Springfield, MO",,,,,,,,,,,,,,,,,,,,,,,,,,,,,,,,,,,,,,,,,,,,,,,
Monmouth,,,,,,,,,,,Monmouth,,,,,,,,,,0,,Monmouth - 16.097,NO,CAA,"Trenton, NJ",,,,,,,,,,,,,,,,,,,,,,,,,,,,,,,,,,,,,,,,,,,,,,,
Montana,,,,,,,,,,,Montana,,,,,,,,,,0,,Montana - 26.771,NO,Big Sky,,,,,,,,,,,,,,,,,,,,,,,,,,,,,,,,,,,,,,,,,,,,,,,,
Montana St.,,,,,,,,,,,Montana St.,MTST,,,,,,,,,0,,Montana St. - 49.273,YES,Big Sky,,,,,,,,,,,,,,,,,,,,,,,,,,,,,,,,,,,,,,,,,,,,,,,,
Morehead St.,,,,,,,,,,,Morehead St.,,,,,,,,,,0,,Morehead St. - 44.016,YES,Ohio Valley,,,,,,,,,,,,,,,,,,,,,,,,,,,,,,,,,,,,,,,,,,,,,,,,
Morgan St.,,,,,,,,,,,Morgan St.,MORG,,,,,,,,,0,,Morgan St. - 10.03,NO,MEAC,"Baltimore, MD",,,,,,,,,,,,,,,,,,,,,,,,,,,,,,,,,,,,,,,,,,,,,,,
Mount St. Mary's,,,,,,,,,,,Mount St. Mary's,MSM,,,,,,,,,0,,Mount St. Mary's - 13.2,NO,MAAC,"Emmitsburg, MD",,,,,,,,,,,,,,,,,,,,,,,,,,,,,,,,,,,,,,,,,,,,,,,
Murray St.,,,,,,,,,,,Murray St.,,,,,,,,,,0,,Murray St. - 28.209,NO,Missouri Valley,,,,,,,,,,,,,,,,,,,,,,,,,,,,,,,,,,,,,,,,,,,,,,,,
N.C. State,,,,,,,,,,,N.C. State,NCSU,,,,,,,,,0,,N.C. State - 69.682,YES,ACC,"Raleigh, NC",,,,,,,,,,,,,,,,,,,,,,,,,,,,,,,,,,,,,,,,,,,,,,,
Navy,,,,,,,,,,,Navy,NAVY,,,,,,,,,0,,Navy - 14.921,NO,Patriot,"Annapolis, MD",,,,,,,,,,,,,,,,,,,,,,,,,,,,,,,,,,,,,,,,,,,,,,,
Nebraska,,,,,,,,,,,Nebraska,NEB,,,,,,,,,0,,Nebraska - 2.659,YES,Big Ten,"Lincoln, NE",,,,,,,,,,,,,,,,,,,,,,,,,,,,,,,,,,,,,,,,,,,,,,,
Nebraska Omaha,,,,,,,,,,,Nebraska Omaha,,,,,,,,,,0,,Nebraska Omaha - 10.356,NO,Summit,,,,,,,,,,,,,,,,,,,,,,,,,,,,,,,,,,,,,,,,,,,,,,,,
Nevada,,,,,,,,,,,Nevada,NEV,,,,,,,,,0,,Nevada - 32.792,YES,Mountain West,"Reno, NV",,,,,,,,,,,,,,,,,,,,,,,,,,,,,,,,,,,,,,,,,,,,,,,
New Hampshire,,,,,,,,,,,New Hampshire,UNH,,,,,,,,,0,,New Hampshire - 12.977,NO,American East,"Durham, NH",,,,,,,,,,,,,,,,,,,,,,,,,,,,,,,,,,,,,,,,,,,,,,,
New Haven,,,,,,,,,,,New Haven,,,,,,,,,,0,,,,,,,,,,,,,,,,,,,,,,,,,,,,,,,,,,,,,,,,,,,,,,,,,,,,
New Mexico,,,,,,,,,,,New Mexico,UNM,,,,,,,,,0,,New Mexico - 32.806,YES,Mountain West,"Albuquerque, NM",,,,,,,,,,,,,,,,,,,,,,,,,,,,,,,,,,,,,,,,,,,,,,,
New Mexico St.,,,,,,,,,,,New Mexico St.,NMSU,,,,,,,,,0,,New Mexico St. - 23.85,NO,CUSA,"Las Cruces, NM",,,,,,,,,,,,,,,,,,,,,,,,,,,,,,,,,,,,,,,,,,,,,,,
New Orleans,,,,,,,,,,,New Orleans,UNO,,,,,,,,,0,,New Orleans - 15.884,NO,Southland,"New Orleans, LA",,,,,,,,,,,,,,,,,,,,,,,,,,,,,,,,,,,,,,,,,,,,,,,
Niagara,,,,,,,,,,,Niagara,,,,,,,,,,0,,Niagara - 12.013,NO,MAAC,,,,,,,,,,,,,,,,,,,,,,,,,,,,,,,,,,,,,,,,,,,,,,,,
Nicholls St.,,,,,,,,,,,Nicholls St.,NICH,,,,,,,,,0,,Nicholls St. - 23.227,NO,Southland,"Thibodaux, LA",,,,,,,,,,,,,,,,,,,,,,,,,,,,,,,,,,,,,,,,,,,,,,,
NJIT,,,,,,,,,,,NJIT,,,,,,,,,,0,,NJIT - 8.091,NO,American East,"Newark, NJ",,,,,,,,,,,,,,,,,,,,,,,,,,,,,,,,,,,,,,,,,,,,,,,
Norfolk St.,,,,,,,,,,,Norfolk St.,NORF,,,,,,,,,0,,Norfolk St. - 39.633,NO,MEAC,"Norfolk, VA",,,,,,,,,,,,,,,,,,,,,,,,,,,,,,,,,,,,,,,,,,,,,,,
North Alabama,,,,,,,,,,,North Alabama,UNA,,,,,,,,,0,,North Alabama - 14.617,NO,ASUN,"Florence, AL",,,,,,,,,,,,,,,,,,,,,,,,,,,,,,,,,,,,,,,,,,,,,,,
North Carolina,,,,,,,,,,,North Carolina,UNC,,,,,,,,,1,,North Carolina - 56.898,YES,ACC,"Chapel Hill, NC",,,,,,,,,,,,,,,,,,,,,,,,,,,,,,,,,,,,,,,,,,,,,,,
North Carolina A&T,,,,,,,,,,,North Carolina A&T,,,,,,,,,,0,,North Carolina A&T - 4.181,NO,CAA,,,,,,,,,,,,,,,,,,,,,,,,,,,,,,,,,,,,,,,,,,,,,,,,
North Carolina Central,,,,,,,,,,,North Carolina Central,NCCU,,,,,,,,,0,,North Carolina Central - 16.988,NO,MEAC,"Durham, NC",,,,,,,,,,,,,,,,,,,,,,,,,,,,,,,,,,,,,,,,,,,,,,,
North Dakota,,,,,,,,,,,North Dakota,UND,,,,,,,,,0,,North Dakota - 9.044,NO,Summit,"Grand Forks, ND",,,,,,,,,,,,,,,,,,,,,,,,,,,,,,,,,,,,,,,,,,,,,,,
North Dakota St.,,,,,,,,,,,North Dakota St.,NDSU,,,,,,,,,0,,North Dakota St. - 18.69,NO,Summit,"Fargo, ND",,,,,,,,,,,,,,,,,,,,,,,,,,,,,,,,,,,,,,,,,,,,,,,
North Florida,,,,,,,,,,,North Florida,UNF,,,,,,,,,0,,North Florida - 9.411,NO,ASUN,"UNF Arena, FL",,,,,,,,,,,,,,,,,,,,,,,,,,,,,,,,,,,,,,,,,,,,,,,
North Texas,,,,,,,,,,,North Texas,UNT,,,,,,,,,0,,North Texas - 46.553,NO,American,"Denton, TX",,,,,,,,,,,,,,,,,,,,,,,,,,,,,,,,,,,,,,,,,,,,,,,
Northeastern,,,,,,,,,,,Northeastern,NE,,,,,,,,,0,,Northeastern - 13.033,NO,CAA,"Boston, MA",,,,,,,,,,,,,,,,,,,,,,,,,,,,,,,,,,,,,,,,,,,,,,,
Northern Arizona,,,,,,,,,,,Northern Arizona,,,,,,,,,,0,,Northern Arizona - 11.734,NO,Big Sky,,,,,,,,,,,,,,,,,,,,,,,,,,,,,,,,,,,,,,,,,,,,,,,,
Northern Colorado,,,,,,,,,,,Northern Colorado,UNCO,,,,,,,,,0,,Northern Colorado - 23.431,NO,Big Sky,,,,,,,,,,,,,,,,,,,,,,,,,,,,,,,,,,,,,,,,,,,,,,,,
Northern Illinois,,,,,,,,,,,Northern Illinois,NIU,,,,,,,,,0,,Northern Illinois - 7.482,NO,MAC,"Dekalb, IL",,,,,,,,,,,,,,,,,,,,,,,,,,,,,,,,,,,,,,,,,,,,,,,
Northern Iowa,,,,,,,,,,,Northern Iowa,UNI,,,,,,,,,0,,Northern Iowa - 22.018,NO,Missouri Valley,"Cedar Falls, IA",,,,,,,,,,,,,,,,,,,,,,,,,,,,,,,,,,,,,,,,,,,,,,,
Northern Kentucky,,,,,,,,,,,Northern Kentucky,NKU,,,,,,,,,0,,Northern Kentucky - 29.783,NO,Horizon,"Highland Heights, KY",,,,,,,,,,,,,,,,,,,,,,,,,,,,,,,,,,,,,,,,,,,,,,,
Northwestern,,,,,,,,,,,Northwestern,NU,,,,,,,,,0,,Northwestern - 23.846,YES,Big Ten,"Evanston, IL",,,,,,,,,,,,,,,,,,,,,,,,,,,,,,,,,,,,,,,,,,,,,,,
Northwestern St.,,,,,,,,,,,Northwestern St.,,,,,,,,,,0,,Northwestern St. - 8.129,NO,Southland,,,,,,,,,,,,,,,,,,,,,,,,,,,,,,,,,,,,,,,,,,,,,,,,
Notre Dame,,,,,,,,,,,Notre Dame,ND,,,,,,,,,0,,Notre Dame - 3.925,NO,ACC,"South Bend, IN",,,,,,,,,,,,,,,,,,,,,,,,,,,,,,,,,,,,,,,,,,,,,,,
Oakland,,,,,,,,,,,Oakland,,,,,,,,,,0,,Oakland - 34.911,YES,Horizon,,,,,,,,,,,,,,,,,,,,,,,,,,,,,,,,,,,,,,,,,,,,,,,,
Ohio,,,,,,,,,,,Ohio,OHIO,,,,,,,,,0,,Ohio - 30.065,NO,MAC,"Athens, OH",,,,,,,,,,,,,,,,,,,,,,,,,,,,,,,,,,,,,,,,,,,,,,,
Ohio St.,,,,,,,,,,,Ohio St.,OSU,,,,,,,,,1,,Ohio St. - 39.685,NO,Big Ten,"Columbus, OH",,,,,,,,,,,,,,,,,,,,,,,,,,,,,,,,,,,,,,,,,,,,,,,
Oklahoma,,,,,,,,,,,Oklahoma,OU,,,,,,,,,0,,Oklahoma - 21.835,NO,SEC,"Norman, OK",,,,,,,,,,,,,,,,,,,,,,,,,,,,,,,,,,,,,,,,,,,,,,,
Oklahoma St.,,,,,,,,,,,Oklahoma St.,OKST,,,,,,,,,0,,Oklahoma St. - 8.597,NO,Big 12,"Stillwater, OK",,,,,,,,,,,,,,,,,,,,,,,,,,,,,,,,,,,,,,,,,,,,,,,
Old Dominion,,,,,,,,,,,Old Dominion,ODU,,,,,,,,,0,,Old Dominion - 14.997,NO,Sun Belt,"Norfolk, VA",,,,,,,,,,,,,,,,,,,,,,,,,,,,,,,,,,,,,,,,,,,,,,,
Oral Roberts,,,,,,,,,,,Oral Roberts,,,,,,,,,,0,,Oral Roberts - 38.148,NO,Summit,,,,,,,,,,,,,,,,,,,,,,,,,,,,,,,,,,,,,,,,,,,,,,,,
Oregon,,,,,,,,,,,Oregon,ORE,,,,,,,,,0,,Oregon - 73.223,YES,Big Ten,"Eugene, OR",,,,,,,,,,,,,,,,,,,,,,,,,,,,,,,,,,,,,,,,,,,,,,,
Oregon St.,,,,,,,,,,,Oregon St.,ORST,,,,,,,,,0,,Oregon St. - -0.282,NO,WCC,"Corvallis, OR",,,,,,,,,,,,,,,,,,,,,,,,,,,,,,,,,,,,,,,,,,,,,,,
Pacific,,,,,,,,,,,Pacific,PAC,,,,,,,,,0,,Pacific - 7.426,NO,WCC,"Stockton, CA",,,,,,,,,,,,,,,,,,,,,,,,,,,,,,,,,,,,,,,,,,,,,,,
Penn,,,,,,,,,,,Penn,PENN,,,,,,,,,0,,Penn - 9.286,NO,Ivy,"Philadelphia, PA",,,,,,,,,,,,,,,,,,,,,,,,,,,,,,,,,,,,,,,,,,,,,,,
Penn St.,,,,,,,,,,,Penn St.,PSU,,,,,,,,,0,,Penn St. - 7.895,NO,Big Ten,"University Park, PA",,,,,,,,,,,,,,,,,,,,,,,,,,,,,,,,,,,,,,,,,,,,,,,
Pepperdine,,,,,,,,,,,Pepperdine,PEPP,,,,,,,,,0,,Pepperdine - 12.708,NO,WCC,"Malibu, CA",,,,,,,,,,,,,,,,,,,,,,,,,,,,,,,,,,,,,,,,,,,,,,,
Pittsburgh,,,,,,,,,,,Pittsburgh,PITT,,,,,,,,,0,,Pittsburgh - 28.137,NO,ACC,"Pittsburgh, PA",,,,,,,,,,,,,,,,,,,,,,,,,,,,,,,,,,,,,,,,,,,,,,,
Portland,,,,,,,,,,,Portland,,,,,,,,,,0,,Portland - 12.892,NO,WCC,"Portland, OR",,,,,,,,,,,,,,,,,,,,,,,,,,,,,,,,,,,,,,,,,,,,,,,
Portland St.,,,,,,,,,,,Portland St.,PRST,,,,,,,,,0,,Portland St. - 10.258,NO,Big Sky,,,,,,,,,,,,,,,,,,,,,,,,,,,,,,,,,,,,,,,,,,,,,,,,
Prairie View A&M,,,,,,,,,,,Prairie View A&M,,,,,,,,,,0,,Prairie View A&M - 11.659,NO,SWAC,,,,,,,,,,,,,,,,,,,,,,,,,,,,,,,,,,,,,,,,,,,,,,,,
Presbyterian,,,,,,,,,,,Presbyterian,,,,,,,,,,0,,Presbyterian - 13.357,NO,Big South,"Clinton, SC",,,,,,,,,,,,,,,,,,,,,,,,,,,,,,,,,,,,,,,,,,,,,,,
Princeton,,,,,,,,,,,Princeton,PRIN,,,,,,,,,0,,Princeton - 45.544,NO,Ivy,"Princeton, NJ",,,,,,,,,,,,,,,,,,,,,,,,,,,,,,,,,,,,,,,,,,,,,,,
Providence,,,,,,,,,,,Providence,PROV,,,,,,,,,0,,Providence - 45.336,NO,Big East,"Providence, RI",,,,,,,,,,,,,,,,,,,,,,,,,,,,,,,,,,,,,,,,,,,,,,,
Purdue,,,,,,,,,,,Purdue,PUR,,,,,,,,,1,,Purdue - 87.117,YES,Big Ten,"West Lafayette, IN",,,,,,,,,,,,,,,,,,,,,,,,,,,,,,,,,,,,,,,,,,,,,,,
Purdue Fort Wayne,,,,,,,,,,,Purdue Fort Wayne,PFW,,,,,,,,,0,,Purdue Fort Wayne - 23.644,NO,Horizon,"Fort Wayne, IN",,,,,,,,,,,,,,,,,,,,,,,,,,,,,,,,,,,,,,,,,,,,,,,
Queens,,,,,,,,,,,Queens,QUC,,,,,,,,,0,,Queens - 14.282,NO,ASUN,"Charlotte, NC",,,,,,,,,,,,,,,,,,,,,,,,,,,,,,,,,,,,,,,,,,,,,,,
Quinnipiac,,,,,,,,,,,Quinnipiac,QUIN,,,,,,,,,0,,Quinnipiac - 22.887,NO,MAAC,"Hamden, CT",,,,,,,,,,,,,,,,,,,,,,,,,,,,,,,,,,,,,,,,,,,,,,,
Radford,,,,,,,,,,,Radford,RAD,,,,,,,,,0,,Radford - 19.785,NO,Big South,"Radford, VA",,,,,,,,,,,,,,,,,,,,,,,,,,,,,,,,,,,,,,,,,,,,,,,
Rhode Island,,,,,,,,,,,Rhode Island,URI,,,,,,,,,0,,Rhode Island - 8.544,NO,A10,"Kingston, RI",,,,,,,,,,,,,,,,,,,,,,,,,,,,,,,,,,,,,,,,,,,,,,,
Rice,,,,,,,,,,,Rice,RICE,,,,,,,,,0,,Rice - 19.885,NO,American,"Houston, TX",,,,,,,,,,,,,,,,,,,,,,,,,,,,,,,,,,,,,,,,,,,,,,,
Richmond,,,,,,,,,,,Richmond,RICH,,,,,,,,,0,,Richmond - 36.909,NO,A10,"Richmond, VA",,,,,,,,,,,,,,,,,,,,,,,,,,,,,,,,,,,,,,,,,,,,,,,
Rider,,,,,,,,,,,Rider,RID,,,,,,,,,0,,Rider - 9.933,NO,MAAC,,,,,,,,,,,,,,,,,,,,,,,,,,,,,,,,,,,,,,,,,,,,,,,,
Robert Morris,,,,,,,,,,,Robert Morris,RMU,,,,,,,,,0,,Robert Morris - 9.781,NO,Horizon,"Moon Township, PA",,,,,,,,,,,,,,,,,,,,,,,,,,,,,,,,,,,,,,,,,,,,,,,
Rutgers,,,,,,,,,,,Rutgers,RUTG,,,,,,,,,1,,Rutgers - 25.195,NO,Big Ten,"Piscataway, NJ",,,,,,,,,,,,,,,,,,,,,,,,,,,,,,,,,,,,,,,,,,,,,,,
Sacramento St.,,,,,,,,,,,Sacramento St.,SAC,,,,,,,,,0,,Sacramento St. - 9.014,NO,Big Sky,"Sacramento, CA",,,,,,,,,,,,,,,,,,,,,,,,,,,,,,,,,,,,,,,,,,,,,,,
Sacred Heart,,,,,,,,,,,Sacred Heart,SHU,,,,,,,,,0,,Sacred Heart - 10.436,NO,MAAC,,,,,,,,,,,,,,,,,,,,,,,,,,,,,,,,,,,,,,,,,,,,,,,,
Saint Francis,,,,,,,,,,,Saint Francis,,,,,,,,,,0,,Saint Francis - 11.936,NO,NEC,,,,,,,,,,,,,,,,,,,,,,,,,,,,,,,,,,,,,,,,,,,,,,,,
Saint Joseph's,,,,,,,,,,,Saint Joseph's,JOES,,,,,,,,,0,,Saint Joseph's - 23.074,NO,A10,"Philadelphia, PA",,,,,,,,,,,,,,,,,,,,,,,,,,,,,,,,,,,,,,,,,,,,,,,
Saint Louis,,,,,,,,,,,Saint Louis,SLU,,,,,,,,,0,,Saint Louis - 26.838,NO,A10,"St. Louis, MO",,,,,,,,,,,,,,,,,,,,,,,,,,,,,,,,,,,,,,,,,,,,,,,
Saint Mary's,,,,,,,,,,,Saint Mary's,SMC,,,,,,,,,0,,Saint Mary's - 64.285,YES,WCC,"Moraga, CA",,,,,,,,,,,,,,,,,,,,,,,,,,,,,,,,,,,,,,,,,,,,,,,
Saint Peter's,,,,,,,,,,,Saint Peter's,SPU,,,,,,,,,0,,Saint Peter's - 47.634,YES,MAAC,,,,,,,,,,,,,,,,,,,,,,,,,,,,,,,,,,,,,,,,,,,,,,,,
Sam Houston St.,,,,,,,,,,,Sam Houston St.,SHSU,,,,,,,,,0,,Sam Houston St. - 26.325,NO,CUSA,,,,,,,,,,,,,,,,,,,,,,,,,,,,,,,,,,,,,,,,,,,,,,,,
Samford,,,,,,,,,,,Samford,SAM,,,,,,,,,0,,Samford - 32.348,YES,Southern,"Homewood, AL",,,,,,,,,,,,,,,,,,,,,,,,,,,,,,,,,,,,,,,,,,,,,,,
San Diego,,,,,,,,,,,San Diego,USD,,,,,,,,,0,,San Diego - 12.898,NO,WCC,"San Diego, CA",,,,,,,,,,,,,,,,,,,,,,,,,,,,,,,,,,,,,,,,,,,,,,,
San Diego St.,,,,,,,,,,,San Diego St.,SDSU,,,,,,,,,0,,San Diego St. - 81.886,YES,Mountain West,"San Diego, CA",,,,,,,,,,,,,,,,,,,,,,,,,,,,,,,,,,,,,,,,,,,,,,,
San Francisco,,,,,,,,,,,San Francisco,SF,,,,,,,,,0,,San Francisco - 30.37,NO,WCC,"San Francisco, CA",,,,,,,,,,,,,,,,,,,,,,,,,,,,,,,,,,,,,,,,,,,,,,,
San Jose St.,,,,,,,,,,,San Jose St.,SJSU,,,,,,,,,0,,San Jose St. - 14.198,NO,Mountain West,"San Jose, CA",,,,,,,,,,,,,,,,,,,,,,,,,,,,,,,,,,,,,,,,,,,,,,,
Santa Clara,,,,,,,,,,,Santa Clara,SCU,,,,,,,,,0,,Santa Clara - 27.311,NO,WCC,"Santa Clara, CA",,,,,,,,,,,,,,,,,,,,,,,,,,,,,,,,,,,,,,,,,,,,,,,
Seattle,,,,,,,,,,,Seattle,SEA,,,,,,,,,0,,Seattle - 23.387,NO,WAC,"Seattle, WA",,,,,,,,,,,,,,,,,,,,,,,,,,,,,,,,,,,,,,,,,,,,,,,
Seton Hall,,,,,,,,,,,Seton Hall,HALL,,,,,,,,,0,,Seton Hall - 33.852,NO,Big East,"Newark, NJ",,,,,,,,,,,,,,,,,,,,,,,,,,,,,,,,,,,,,,,,,,,,,,,
Siena,,,,,,,,,,,Siena,,,,,,,,,,0,,Siena - 10.708,NO,MAAC,"Albany, NY",,,,,,,,,,,,,,,,,,,,,,,,,,,,,,,,,,,,,,,,,,,,,,,
SIU Edwardsville,,,,,,,,,,,SIU Edwardsville,SIUE,,,,,,,,,0,,SIU Edwardsville - 12.55,NO,Ohio Valley,,,,,,,,,,,,,,,,,,,,,,,,,,,,,,,,,,,,,,,,,,,,,,,,
SMU,,,,,,,,,,,SMU,SMU,,,,,,,,,0,,SMU - 24.856,NO,ACC,"Dallas, TX",,,,,,,,,,,,,,,,,,,,,,,,,,,,,,,,,,,,,,,,,,,,,,,
South Alabama,,,,,,,,,,,South Alabama,USA,,,,,,,,,0,,South Alabama - 16.889,NO,Sun Belt,"Mobile, AL",,,,,,,,,,,,,,,,,,,,,,,,,,,,,,,,,,,,,,,,,,,,,,,
South Carolina,,,,,,,,,,,South Carolina,SC,,,,,,,,,0,,South Carolina - 11.514,YES,SEC,"Columbia, SC",,,,,,,,,,,,,,,,,,,,,,,,,,,,,,,,,,,,,,,,,,,,,,,
South Carolina St.,,,,,,,,,,,South Carolina St.,,,,,,,,,,0,,South Carolina St. - 5.232,NO,MEAC,,,,,,,,,,,,,,,,,,,,,,,,,,,,,,,,,,,,,,,,,,,,,,,,
South Dakota,,,,,,,,,,,South Dakota,SDAK,,,,,,,,,0,,South Dakota - 9.778,NO,Summit,"Vermillion, SD",,,,,,,,,,,,,,,,,,,,,,,,,,,,,,,,,,,,,,,,,,,,,,,
South Dakota St.,,,,,,,,,,,South Dakota St.,SDST,,,,,,,,,0,,South Dakota St. - 45.643,YES,Summit,"Brookings, SD",,,,,,,,,,,,,,,,,,,,,,,,,,,,,,,,,,,,,,,,,,,,,,,
South Florida,,,,,,,,,,,South Florida,USF,,,,,,,,,0,,South Florida - 20.689,NO,American,"Tampa, FL",,,,,,,,,,,,,,,,,,,,,,,,,,,,,,,,,,,,,,,,,,,,,,,
Southeast Missouri St.,,,,,,,,,,,Southeast Missouri St.,SEMO,,,,,,,,,0,,Southeast Missouri St. - 20.208,NO,Ohio Valley,"Cape Girardeau, MO",,,,,,,,,,,,,,,,,,,,,,,,,,,,,,,,,,,,,,,,,,,,,,,
Southeastern Louisiana,,,,,,,,,,,Southeastern Louisiana,,,,,,,,,,0,,Southeastern Louisiana - 10.562,NO,Southland,,,,,,,,,,,,,,,,,,,,,,,,,,,,,,,,,,,,,,,,,,,,,,,,
Southern,,,,,,,,,,,Southern,,,,,,,,,,0,,Southern - 7.925,NO,SWAC,,,,,,,,,,,,,,,,,,,,,,,,,,,,,,,,,,,,,,,,,,,,,,,,
Southern Illinois,,,,,,,,,,,Southern Illinois,,,,,,,,,,0,,Southern Illinois - 11.826,NO,Missouri Valley,,,,,,,,,,,,,,,,,,,,,,,,,,,,,,,,,,,,,,,,,,,,,,,,
Southern Indiana,,,,,,,,,,,Southern Indiana,,,,,,,,,,0,,Southern Indiana - 11.171,NO,Ohio Valley,"Evansville, IN",,,,,,,,,,,,,,,,,,,,,,,,,,,,,,,,,,,,,,,,,,,,,,,
Southern Miss,,,,,,,,,,,Southern Miss,USM,,,,,,,,,0,,Southern Miss - 18.881,NO,Sun Belt,"Hattiesburg, MS",,,,,,,,,,,,,,,,,,,,,,,,,,,,,,,,,,,,,,,,,,,,,,,
Southern Utah,,,,,,,,,,,Southern Utah,SUU,,,,,,,,,0,,Southern Utah - 23.191,NO,WAC,"Cedar City, UT",,,,,,,,,,,,,,,,,,,,,,,,,,,,,,,,,,,,,,,,,,,,,,,
St. Bonaventure,,,,,,,,,,,St. Bonaventure,SBU,,,,,,,,,0,,St. Bonaventure - 21.788,NO,A10,"Saint Bonaventure, NY",,,,,,,,,,,,,,,,,,,,,,,,,,,,,,,,,,,,,,,,,,,,,,,
St. John's,,,,,,,,,,,St. John's,SJU,,,,,,,,,1,,St. John's - 8.45,NO,Big East,"New York, NY","Queens, NY",,,,,,,,,,,,,,,,,,,,,,,,,,,,,,,,,,,,,,,,,,,,,,
St. Thomas,,,,,,,,,,,St. Thomas,STMN,,,,,,,,,0,,St. Thomas - 17.816,NO,Summit,"St.. Paul, MN",,,,,,,,,,,,,,,,,,,,,,,,,,,,,,,,,,,,,,,,,,,,,,,
Stanford,,,,,,,,,,,Stanford,STAN,,,,,,,,,0,,Stanford - -8.206,NO,ACC,"Stanford, CA",,,,,,,,,,,,,,,,,,,,,,,,,,,,,,,,,,,,,,,,,,,,,,,
Stephen F. Austin,,,,,,,,,,,Stephen F. Austin,,,,,,,,,,0,,Stephen F. Austin - 22.097,NO,WAC,,,,,,,,,,,,,,,,,,,,,,,,,,,,,,,,,,,,,,,,,,,,,,,,
Stetson,,,,,,,,,,,Stetson,STET,,,,,,,,,0,,Stetson - 34.45,YES,ASUN,"DeLand, FL",,,,,,,,,,,,,,,,,,,,,,,,,,,,,,,,,,,,,,,,,,,,,,,
Stonehill,,,,,,,,,,,Stonehill,STO,,,,,,,,,0,,Stonehill - 10.645,NO,NEC,,,,,,,,,,,,,,,,,,,,,,,,,,,,,,,,,,,,,,,,,,,,,,,,
Stony Brook,,,,,,,,,,,Stony Brook,,,,,,,,,,0,,Stony Brook - 20.781,NO,CAA,,,,,,,,,,,,,,,,,,,,,,,,,,,,,,,,,,,,,,,,,,,,,,,,
Syracuse,,,,,,,,,,,Syracuse,SYR,,,,,,,,,0,,Syracuse - 12.085,NO,ACC,"Syracuse, NY",,,,,,,,,,,,,,,,,,,,,,,,,,,,,,,,,,,,,,,,,,,,,,,
Tarleton St.,,,,,,,,,,,Tarleton St.,TAR,,,,,,,,,0,,Tarleton St. - 17.501,NO,WAC,"Stephenville, TX",,,,,,,,,,,,,,,,,,,,,,,,,,,,,,,,,,,,,,,,,,,,,,,
TCU,,,,,,,,,,,TCU,TCU,,,,,,,,,0,,TCU - 44.273,YES,Big 12,"Fort Worth, TX",,,,,,,,,,,,,,,,,,,,,,,,,,,,,,,,,,,,,,,,,,,,,,,
Temple,,,,,,,,,,,Temple,TEM,,,,,,,,,0,,Temple - 18.423,NO,American,"Philadelphia, PA",,,,,,,,,,,,,,,,,,,,,,,,,,,,,,,,,,,,,,,,,,,,,,,
Tennessee,,,,,,,,,,,Tennessee,TENN,,,,,,,,,1,,Tennessee - 59.511,YES,SEC,"Knoxville, TN",,,,,,,,,,,,,,,,,,,,,,,,,,,,,,,,,,,,,,,,,,,,,,,
Tennessee Martin,,,,,,,,,,,Tennessee Martin,,,,,,,,,,0,,Tennessee Martin - 7.916,NO,Ohio Valley,,,,,,,,,,,,,,,,,,,,,,,,,,,,,,,,,,,,,,,,,,,,,,,,
Tennessee St.,,,,,,,,,,,Tennessee St.,TNST,,,,,,,,,0,,Tennessee St. - 12.27,NO,Ohio Valley,"Nashville, TN",,,,,,,,,,,,,,,,,,,,,,,,,,,,,,,,,,,,,,,,,,,,,,,
Tennessee Tech,,,,,,,,,,,Tennessee Tech,TNTC,,,,,,,,,0,,Tennessee Tech - 9.39,NO,Ohio Valley,"Cookeville, TN",,,,,,,,,,,,,,,,,,,,,,,,,,,,,,,,,,,,,,,,,,,,,,,
Texas,,,,,,,,,,,Texas,TEX,,,,,,,,,0,,Texas - 65.357,YES,SEC,"Austin, TX",,,,,,,,,,,,,,,,,,,,,,,,,,,,,,,,,,,,,,,,,,,,,,,
Texas A&M,,,,,,,,,,,Texas A&M,TA&M,,,,,,,,,1,,Texas A&M - 44.767,YES,SEC,"College Station, TX",,,,,,,,,,,,,,,,,,,,,,,,,,,,,,,,,,,,,,,,,,,,,,,
Texas A&M Corpus Chris,,,,,,,,,,,Texas A&M Corpus Chris,,,,,,,,,,0,,Texas A&M Corpus Chris - 34.115,NO,Southland,,,,,,,,,,,,,,,,,,,,,,,,,,,,,,,,,,,,,,,,,,,,,,,,
Texas Southern,,,,,,,,,,,Texas Southern,,,,,,,,,,0,,Texas Southern - 39.929,NO,SWAC,,,,,,,,,,,,,,,,,,,,,,,,,,,,,,,,,,,,,,,,,,,,,,,,
Texas St.,,,,,,,,,,,Texas St.,TXST,,,,,,,,,0,,Texas St. - 29.982,NO,Sun Belt,"San Marcos, TX",,,,,,,,,,,,,,,,,,,,,,,,,,,,,,,,,,,,,,,,,,,,,,,
Texas Tech,,,,,,,,,,,Texas Tech,TTU,,,,,,,,,0,,Texas Tech - 57.115,YES,Big 12,"Lubbock, TX",,,,,,,,,,,,,,,,,,,,,,,,,,,,,,,,,,,,,,,,,,,,,,,
The Citadel,,,,,,,,,,,The Citadel,CIT,,,,,,,,,0,,The Citadel - 7.827,NO,Southern,"Charleston, SC",,,,,,,,,,,,,,,,,,,,,,,,,,,,,,,,,,,,,,,,,,,,,,,
Toledo,,,,,,,,,,,Toledo,TOL,,,,,,,,,0,,Toledo - 38.778,NO,MAC,"Toledo, OH",,,,,,,,,,,,,,,,,,,,,,,,,,,,,,,,,,,,,,,,,,,,,,,
Towson,,,,,,,,,,,Towson,TOW,,,,,,,,,0,,Towson - 25.225,NO,CAA,"Towson, MD",,,,,,,,,,,,,,,,,,,,,,,,,,,,,,,,,,,,,,,,,,,,,,,
Troy,,,,,,,,,,,Troy,TROY,,,,,,,,,0,,Troy - 18.005,NO,Sun Belt,"Troy, AL",,,,,,,,,,,,,,,,,,,,,,,,,,,,,,,,,,,,,,,,,,,,,,,
Tulane,,,,,,,,,,,Tulane,TULN,,,,,,,,,0,,Tulane - 11.447,NO,American,"New Orleans, LA",,,,,,,,,,,,,,,,,,,,,,,,,,,,,,,,,,,,,,,,,,,,,,,
Tulsa,,,,,,,,,,,Tulsa,TLSA,,,,,,,,,0,,Tulsa - 8.761,NO,American,"Tulsa, OK",,,,,,,,,,,,,,,,,,,,,,,,,,,,,,,,,,,,,,,,,,,,,,,
UAB,,,,,,,,,,,UAB,UAB,,,,,,,,,0,,UAB - 52.268,YES,American,"Birmingham, AL",,,,,,,,,,,,,,,,,,,,,,,,,,,,,,,,,,,,,,,,,,,,,,,
UC Davis,,,,,,,,,,,UC Davis,UCD,,,,,,,,,0,,UC Davis - 14.278,NO,Big West,,,,,,,,,,,,,,,,,,,,,,,,,,,,,,,,,,,,,,,,,,,,,,,,
UC Irvine,,,,,,,,,,,UC Irvine,UCI,,,,,,,,,0,,UC Irvine - 34.777,NO,Big West,"Irvine, CA",,,,,,,,,,,,,,,,,,,,,,,,,,,,,,,,,,,,,,,,,,,,,,,
UC Riverside,,,,,,,,,,,UC Riverside,,,,,,,,,,0,,UC Riverside - 14.517,NO,Big West,,,,,,,,,,,,,,,,,,,,,,,,,,,,,,,,,,,,,,,,,,,,,,,,
UC San Diego,,,,,,,,,,,UC San Diego,UCSD,,,,,,,,,0,,UC San Diego - 14.052,NO,Big West,"San Diego, CA",,,,,,,,,,,,,,,,,,,,,,,,,,,,,,,,,,,,,,,,,,,,,,,
UC Santa Barbara,,,,,,,,,,,UC Santa Barbara,UCSB,,,,,,,,,0,,UC Santa Barbara - 32.647,NO,Big West,"Santa Barbara, CA",,,,,,,,,,,,,,,,,,,,,,,,,,,,,,,,,,,,,,,,,,,,,,,
UCF,,,,,,,,,,,UCF,UCF,,,,,,,,,0,,UCF - 24.953,NO,Big 12,"Orlando, FL",,,,,,,,,,,,,,,,,,,,,,,,,,,,,,,,,,,,,,,,,,,,,,,
UCLA,,,,,,,,,,,UCLA,UCLA,,,,,,,,,0,,UCLA - 52.952,NO,Big Ten,"Los Angeles, CA",,,,,,,,,,,,,,,,,,,,,,,,,,,,,,,,,,,,,,,,,,,,,,,
UMass Lowell,,,,,,,,,,,UMass Lowell,UML,,,,,,,,,0,,UMass Lowell - 20.004,NO,American East,"Lowell, MA",,,,,,,,,,,,,,,,,,,,,,,,,,,,,,,,,,,,,,,,,,,,,,,
UMBC,,,,,,,,,,,UMBC,UMBC,,,,,,,,,0,,UMBC - 12.039,NO,American East,"Baltimore, MD",,,,,,,,,,,,,,,,,,,,,,,,,,,,,,,,,,,,,,,,,,,,,,,
UMKC,,,,,,,,,,,UMKC,,,,,,,,,,0,,UMKC - 7.086,NO,Summit,,,,,,,,,,,,,,,,,,,,,,,,,,,,,,,,,,,,,,,,,,,,,,,,
UNC Asheville,,,,,,,,,,,UNC Asheville,UNCA,,,,,,,,,0,,UNC Asheville - 33.157,NO,Big South,"Asheville, NC",,,,,,,,,,,,,,,,,,,,,,,,,,,,,,,,,,,,,,,,,,,,,,,
UNC Greensboro,,,,,,,,,,,UNC Greensboro,UNCG,,,,,,,,,0,,UNC Greensboro - 24.629,NO,Big South,"Greensboro, NC",,,,,,,,,,,,,,,,,,,,,,,,,,,,,,,,,,,,,,,,,,,,,,,
UNC Wilmington,,,,,,,,,,,UNC Wilmington,UNCW,,,,,,,,,0,,UNC Wilmington - 22.178,NO,CAA,"Wilmington, NC",,,,,,,,,,,,,,,,,,,,,,,,,,,,,,,,,,,,,,,,,,,,,,,
UNLV,,,,,,,,,,,UNLV,UNLV,,,,,,,,,0,,UNLV - 17.637,NO,Mountain West,"Las Vegas, NV",,,,,,,,,,,,,,,,,,,,,,,,,,,,,,,,,,,,,,,,,,,,,,,
USC,,,,,,,,,,,USC,USC,,,,,,,,,0,,USC - 35.599,NO,Big Ten,"Los Angeles, CA",,,,,,,,,,,,,,,,,,,,,,,,,,,,,,,,,,,,,,,,,,,,,,,
USC Upstate,,,,,,,,,,,USC Upstate,UPST,,,,,,,,,0,,USC Upstate - 15.981,NO,Big South,"Spartanburg, SC",,,,,,,,,,,,,,,,,,,,,,,,,,,,,,,,,,,,,,,,,,,,,,,
UT Arlington,,,,,,,,,,,UT Arlington,UTA,,,,,,,,,0,,UT Arlington - 11.925,NO,WAC,"Arlington, TX",,,,,,,,,,,,,,,,,,,,,,,,,,,,,,,,,,,,,,,,,,,,,,,
UT Rio Grande Valley,,,,,,,,,,,UT Rio Grande Valley,RGV,,,,,,,,,0,,UT Rio Grande Valley - 7.186,NO,Southland,"Edinburg, TX",,,,,,,,,,,,,,,,,,,,,,,,,,,,,,,,,,,,,,,,,,,,,,,
Utah,,,,,,,,,,,Utah,UTAH,,,,,,,,,0,,Utah - 3.331,NO,Big 12,"Salt Lake City, UT",,,,,,,,,,,,,,,,,,,,,,,,,,,,,,,,,,,,,,,,,,,,,,,
Utah St.,,,,,,,,,,,Utah St.,USU,,,,,,,,,0,,Utah St. - 54.388,YES,Mountain West,"Logan, UT",,,,,,,,,,,,,,,,,,,,,,,,,,,,,,,,,,,,,,,,,,,,,,,
Utah Tech,,,,,,,,,,,Utah Tech,UTU,,,,,,,,,0,,Utah Tech - 14.023,NO,WAC,"St. George, UT",,,,,,,,,,,,,,,,,,,,,,,,,,,,,,,,,,,,,,,,,,,,,,,
Utah Valley,,,,,,,,,,,Utah Valley,UVU,,,,,,,,,0,,Utah Valley - 22.64,NO,WAC,"Orem, UT",,,,,,,,,,,,,,,,,,,,,,,,,,,,,,,,,,,,,,,,,,,,,,,
UTEP,,,,,,,,,,,UTEP,,,,,,,,,,0,,UTEP - 15.957,NO,CUSA,,,,,,,,,,,,,,,,,,,,,,,,,,,,,,,,,,,,,,,,,,,,,,,,
UTSA,,,,,,,,,,,UTSA,UTSA,,,,,,,,,0,,UTSA - 7.143,NO,American,"San Antonio, TX",,,,,,,,,,,,,,,,,,,,,,,,,,,,,,,,,,,,,,,,,,,,,,,
Valparaiso,,,,,,,,,,,Valparaiso,VALP,,,,,,,,,0,,Valparaiso - 7.323,NO,Missouri Valley,"Valparaiso, IN",,,,,,,,,,,,,,,,,,,,,,,,,,,,,,,,,,,,,,,,,,,,,,,
Vanderbilt,,,,,,,,,,,Vanderbilt,VAN,,,,,,,,,0,,Vanderbilt - -8.935,NO,SEC,"Nashville, TN",,,,,,,,,,,,,,,,,,,,,,,,,,,,,,,,,,,,,,,,,,,,,,,
VCU,,,,,,,,,,,VCU,VCU,,,,,,,,,0,,VCU - 49.629,NO,A10,"Richmond, VA",,,,,,,,,,,,,,,,,,,,,,,,,,,,,,,,,,,,,,,,,,,,,,,
Vermont,,,,,,,,,,,Vermont,UVM,,,,,,,,,0,,Vermont - 59.549,YES,American East,,,,,,,,,,,,,,,,,,,,,,,,,,,,,,,,,,,,,,,,,,,,,,,,
Villanova,,,,,,,,,,,Villanova,VILL,,,,,,,,,0,,Villanova - 66.973,NO,Big East,"Villanova, PA","Philadelphia, PA",,,,,,,,,,,,,,,,,,,,,,,,,,,,,,,,,,,,,,,,,,,,,,
Virginia,,,,,,,,,,,Virginia,UVA,,,,,,,,,0,,Virginia - 59.082,YES,ACC,"Charlottesville, VA",,,,,,,,,,,,,,,,,,,,,,,,,,,,,,,,,,,,,,,,,,,,,,,
Virginia Tech,,,,,,,,,,,Virginia Tech,VT,,,,,,,,,0,,Virginia Tech - 46.185,NO,ACC,"Blacksburg, VA",,,,,,,,,,,,,,,,,,,,,,,,,,,,,,,,,,,,,,,,,,,,,,,
VMI,,,,,,,,,,,VMI,,,,,,,,,,0,,VMI - 10.468,NO,Southern,,,,,,,,,,,,,,,,,,,,,,,,,,,,,,,,,,,,,,,,,,,,,,,,
Wagner,,,,,,,,,,,Wagner,,,,,,,,,,0,,Wagner - 32.957,YES,NEC,,,,,,,,,,,,,,,,,,,,,,,,,,,,,,,,,,,,,,,,,,,,,,,,
Wake Forest,,,,,,,,,,,Wake Forest,WAKE,,,,,,,,,0,,Wake Forest - 14.322,NO,ACC,"Winston-Salem, NC",,,,,,,,,,,,,,,,,,,,,,,,,,,,,,,,,,,,,,,,,,,,,,,
Washington,,,,,,,,,,,Washington,WASH,,,,,,,,,0,,Washington - -4.099,NO,Big Ten,"Seattle, WA",,,,,,,,,,,,,,,,,,,,,,,,,,,,,,,,,,,,,,,,,,,,,,,
Washington St.,,,,,,,,,,,Washington St.,WSU,,,,,,,,,0,,Washington St. - 33.981,YES,WCC,"Pullman, WA",,,,,,,,,,,,,,,,,,,,,,,,,,,,,,,,,,,,,,,,,,,,,,,
Weber St.,,,,,,,,,,,Weber St.,,,,,,,,,,0,,Weber St. - 13.204,NO,Big Sky,,,,,,,,,,,,,,,,,,,,,,,,,,,,,,,,,,,,,,,,,,,,,,,,
West Georgia,,,,,,,,,,,West Georgia,,,,,,,,,,0,,West Georgia - 9,NO,ASUN,"Carrollton, GA",,,,,,,,,,,,,,,,,,,,,,,,,,,,,,,,,,,,,,,,,,,,,,,
West Virginia,,,,,,,,,,,West Virginia,WVU,,,,,,,,,0,,West Virginia - 14.826,NO,Big 12,"Morgantown, WV",,,,,,,,,,,,,,,,,,,,,,,,,,,,,,,,,,,,,,,,,,,,,,,
Western Carolina,,,,,,,,,,,Western Carolina,,,,,,,,,,0,,Western Carolina - 15.369,NO,Southern,,,,,,,,,,,,,,,,,,,,,,,,,,,,,,,,,,,,,,,,,,,,,,,,
Western Illinois,,,,,,,,,,,Western Illinois,WIU,,,,,,,,,0,,Western Illinois - 11.431,NO,Ohio Valley,"Macomb, IL",,,,,,,,,,,,,,,,,,,,,,,,,,,,,,,,,,,,,,,,,,,,,,,
Western Kentucky,,,,,,,,,,,Western Kentucky,WKU,,,,,,,,,0,,Western Kentucky - 33.599,YES,CUSA,"Bowling Green, KY",,,,,,,,,,,,,,,,,,,,,,,,,,,,,,,,,,,,,,,,,,,,,,,
Western Michigan,,,,,,,,,,,Western Michigan,WMU,,,,,,,,,0,,Western Michigan - 5.153,NO,MAC,"Kalamazoo, MI",,,,,,,,,,,,,,,,,,,,,,,,,,,,,,,,,,,,,,,,,,,,,,,
Wichita St.,,,,,,,,,,,Wichita St.,WICH,,,,,,,,,0,,Wichita St. - 21.963,NO,American,"Wichita, KS",,,,,,,,,,,,,,,,,,,,,,,,,,,,,,,,,,,,,,,,,,,,,,,
William & Mary,,,,,,,,,,,William & Mary,W&M,,,,,,,,,0,,William & Mary - 10.973,NO,CAA,"Williamsburg, VA",,,,,,,,,,,,,,,,,,,,,,,,,,,,,,,,,,,,,,,,,,,,,,,
Winthrop,,,,,,,,,,,Winthrop,WIN,,,,,,,,,0,,Winthrop - 19.327,NO,Big South,"Rock Hill, SC",,,,,,,,,,,,,,,,,,,,,,,,,,,,,,,,,,,,,,,,,,,,,,,
Wisconsin,,,,,,,,,,,Wisconsin,WIS,,,,,,,,,0,,Wisconsin - 45.157,YES,Big Ten,"Madison, WI",,,,,,,,,,,,,,,,,,,,,,,,,,,,,,,,,,,,,,,,,,,,,,,
Wofford,,,,,,,,,,,Wofford,WOF,,,,,,,,,0,,Wofford - 16.814,NO,Southern,,,,,,,,,,,,,,,,,,,,,,,,,,,,,,,,,,,,,,,,,,,,,,,,
Wright St.,,,,,,,,,,,Wright St.,,,,,,,,,,0,,Wright St. - 26.906,NO,Horizon,,,,,,,,,,,,,,,,,,,,,,,,,,,,,,,,,,,,,,,,,,,,,,,,
Wyoming,,,,,,,,,,,Wyoming,WYO,,,,,,,,,0,,Wyoming - 15.132,NO,Mountain West,"Laramie, WY",,,,,,,,,,,,,,,,,,,,,,,,,,,,,,,,,,,,,,,,,,,,,,,
Xavier,,,,,,,,,,,Xavier,XAV,,,,,,,,,0,,Xavier - 39.976,NO,Big East,"Cincinnati, OH",,,,,,,,,,,,,,,,,,,,,,,,,,,,,,,,,,,,,,,,,,,,,,,
Yale,,,,,,,,,,,Yale,YALE,,,,,,,,,0,,Yale - 55.851,YES,Ivy,"New Haven, CT",,,,,,,,,,,,,,,,,,,,,,,,,,,,,,,,,,,,,,,,,,,,,,,
Youngstown St.,,,,,,,,,,,Youngstown St.,YSU,,,,,,,,,0,,Youngstown St. - 20.967,NO,Horizon,,,,,,,,,,,,,,,,,,,,,,,,,,,,,,,,,,,,,,,,,,,,,,,,
Game Location,HOME TEAM,,,Month,,Day,,Year,,Favorite Team,,Line,,,Over/Under,,,Clutch,,Overtime,,Attendance,,Oregon SOS THOUGHT,Troy SOS THOUGHT,,,,,,,,,,,,,,,,,,,,,,,,,,,,,,,,,,,,,,,,,,,,,Oregon,0,,
"Beaumont, TX",NEUTRAL,,,Nov,,17,,2024,,SHSU,,-6.5,,,148.5,,,FALSE,,FALSE,,"1,848",TRUE,65,40,,,,,,,,,,,,,,,,,,,,,,,,,,,,,,,,,,,,,,,,,,,,,Troy,0,,
Team - Record,FALSE,FALSE,FALSE,FALSE,FALSE,FALSE,FALSE,FALSE,FALSE,FALSE,Team - Record,FALSE,FALSE,FALSE,FALSE,FALSE,FALSE,FALSE,FALSE,FALSE,FALSE,Kalifa Sakho,SHSU,Troy,NEUTRAL,Oregon,Big Ten,1,0,0,Starter,TRUE,1,23,9,12,0,0,4,5,1,5,6,1,0,3,22,0,73.223,0,18.005,1,0,0,0,0,0,0,1,0,0,0,0,1,1,13,6.5,0,0,"1,848",,0,0
Oregon,FALSE,FALSE,FALSE,FALSE,FALSE,FALSE,FALSE,FALSE,FALSE,FALSE,Troy,FALSE,FALSE,FALSE,FALSE,FALSE,FALSE,FALSE,FALSE,FALSE,FALSE,Marcus Boykin,SHSU,Troy,NEUTRAL,Oregon,Big Ten,1,0,0,Starter,TRUE,1,34,3,7,1,3,2,3,0,5,11,0,1,1,9,0,73.223,0,18.005,1,0,0,0,0,0,0,1,0,0,1,0,1,0,13,6.5,0,0,"1,848",,0,0
1,FALSE,FALSE,FALSE,FALSE,FALSE,FALSE,FALSE,FALSE,FALSE,FALSE,2,FALSE,FALSE,FALSE,FALSE,FALSE,FALSE,FALSE,FALSE,FALSE,FALSE,Josiah Hammons,SHSU,Troy,NEUTRAL,Oregon,Big Ten,1,0,0,Starter,TRUE,1,20,2,5,2,5,0,0,0,2,0,1,1,0,6,0,73.223,0,18.005,0,0,0,0,0,0,0,0,0,0,0,0,1,0,13,6.5,0,0,"1,848",,0,0
2,FALSE,FALSE,FALSE,FALSE,FALSE,FALSE,FALSE,FALSE,FALSE,FALSE,2,FALSE,FALSE,FALSE,FALSE,FALSE,FALSE,FALSE,FALSE,FALSE,FALSE,Dorian Finister,SHSU,Troy,NEUTRAL,Oregon,Big Ten,1,0,0,Starter,TRUE,1,35,2,7,1,3,2,4,5,2,4,0,1,2,7,0,73.223,0,18.005,0,0,0,0,0,0,0,0,1,0,0,0,1,0,13,6.5,0,0,"1,848",,0,0
Madness,FALSE,FALSE,FALSE,FALSE,FALSE,FALSE,FALSE,FALSE,FALSE,FALSE,Madness,FALSE,FALSE,FALSE,FALSE,FALSE,FALSE,FALSE,FALSE,FALSE,FALSE,Lamar Wilkerson,SHSU,Troy,NEUTRAL,Oregon,Big Ten,1,0,0,Starter,TRUE,1,34,9,16,6,10,4,4,1,1,2,2,1,0,28,0,73.223,0,18.005,1,0,0,0,0,1,1,0,0,1,0,0,1,1,13,6.5,0,0,"1,848",,0,0
TRUE,FALSE,FALSE,FALSE,FALSE,FALSE,FALSE,FALSE,FALSE,FALSE,FALSE,FALSE,FALSE,FALSE,FALSE,FALSE,FALSE,FALSE,FALSE,FALSE,FALSE,FALSE,Andrew Holifield,LAM,Oregon,NEUTRAL,Troy,Sun Belt,0,1,0,Starter,FALSE,1,28,5,7,2,3,3,4,4,2,1,0,1,0,15,0,18.005,0,73.223,1,0,0,0,0,0,0,0,0,0,0,0,1,0,-13,6.5,0,0,"1,848",,0,0
Conference,FALSE,FALSE,FALSE,FALSE,FALSE,FALSE,FALSE,FALSE,FALSE,FALSE,Conference,FALSE,FALSE,FALSE,FALSE,FALSE,FALSE,FALSE,FALSE,FALSE,FALSE,Adam Hamilton,LAM,Oregon,NEUTRAL,Troy,Sun Belt,0,1,0,Starter,TRUE,1,25,4,11,0,0,5,6,3,1,2,1,1,0,13,0,18.005,0,73.223,1,0,0,0,0,0,0,0,0,0,0,0,1,0,-13,6.5,0,0,"1,848",,0,0
Big Ten,FALSE,FALSE,FALSE,FALSE,FALSE,FALSE,FALSE,FALSE,FALSE,FALSE,Sun Belt,FALSE,FALSE,FALSE,FALSE,FALSE,FALSE,FALSE,FALSE,FALSE,FALSE,Danquez Dawsey,LAM,Oregon,NEUTRAL,Troy,Sun Belt,0,1,0,Starter,FALSE,1,32,2,11,2,6,2,2,1,1,4,1,0,2,8,0,18.005,0,73.223,0,0,0,0,0,0,0,0,0,0,0,0,1,0,-13,6.5,0,0,"1,848",,0,0
Power,FALSE,FALSE,FALSE,FALSE,FALSE,FALSE,FALSE,FALSE,FALSE,FALSE,Power,FALSE,FALSE,FALSE,FALSE,FALSE,FALSE,FALSE,FALSE,FALSE,FALSE,Alexis Marmolejos,LAM,Oregon,NEUTRAL,Troy,Sun Belt,0,1,0,Starter,TRUE,1,29,2,9,0,5,0,0,1,5,2,0,0,1,4,0,18.005,0,73.223,0,0,0,0,0,0,0,1,0,0,0,0,1,0,-13,6.5,0,0,"1,848",,0,0
TRUE,FALSE,FALSE,FALSE,FALSE,FALSE,FALSE,FALSE,FALSE,FALSE,FALSE,FALSE,FALSE,FALSE,FALSE,FALSE,FALSE,FALSE,FALSE,FALSE,FALSE,FALSE,Cody Pennebaker,LAM,Oregon,NEUTRAL,Troy,Sun Belt,0,1,0,Starter,TRUE,1,23,4,10,1,3,0,0,3,3,5,2,1,0,9,0,18.005,0,73.223,0,0,0,0,0,0,0,0,0,1,0,0,1,0,-13,6.5,0,0,"1,848",,0,0
Top 25,FALSE,FALSE,FALSE,FALSE,FALSE,FALSE,FALSE,FALSE,FALSE,FALSE,Top 25,FALSE,FALSE,FALSE,FALSE,FALSE,FALSE,FALSE,FALSE,FALSE,FALSE,0,0,0,NEUTRAL,Troy,Sun Belt,0,1,0,0,TRUE,0,0,0,0,0,0,0,0,0,0,0,0,0,0,0,0,18.005,0,18.005,0,0,0,0,0,0,0,0,0,0,0,0,0,0,-13,6.5,0,0,"1,848",,0,0
FALSE,FALSE,FALSE,FALSE,FALSE,FALSE,FALSE,FALSE,FALSE,FALSE,FALSE,FALSE,FALSE,FALSE,FALSE,FALSE,FALSE,FALSE,FALSE,FALSE,FALSE,FALSE,0,0,0,NEUTRAL,Troy,Sun Belt,0,1,0,0,TRUE,0,0,0,0,0,0,0,0,0,0,0,0,0,0,0,0,18.005,0,18.005,0,0,0,0,0,0,0,0,0,0,0,0,0,0,-13,6.5,0,0,"1,848",,0,0
Points Scored,FALSE,FALSE,FALSE,FALSE,FALSE,FALSE,FALSE,FALSE,FALSE,FALSE,Points Scored,FALSE,FALSE,FALSE,FALSE,FALSE,FALSE,FALSE,FALSE,FALSE,FALSE,0,0,0,NEUTRAL,Troy,Sun Belt,0,1,0,0,TRUE,0,0,0,0,0,0,0,0,0,0,0,0,0,0,0,0,18.005,0,18.005,0,0,0,0,0,0,0,0,0,0,0,0,0,0,-13,6.5,0,0,"1,848",,0,0
72,FALSE,FALSE,FALSE,FALSE,FALSE,FALSE,FALSE,FALSE,FALSE,FALSE,85,FALSE,FALSE,FALSE,FALSE,FALSE,FALSE,FALSE,FALSE,FALSE,FALSE,0,0,0,NEUTRAL,Troy,Sun Belt,0,1,0,0,TRUE,0,0,0,0,0,0,0,0,0,0,0,0,0,0,0,0,18.005,0,18.005,0,0,0,0,0,0,0,0,0,0,0,0,0,0,-13,6.5,0,0,"1,848",,0,0
Shooting:,FALSE,FALSE,FALSE,FALSE,FALSE,FALSE,FALSE,FALSE,FALSE,FALSE,Shooting:,FALSE,FALSE,FALSE,FALSE,FALSE,FALSE,FALSE,FALSE,FALSE,FALSE,0,0,0,NEUTRAL,Troy,Sun Belt,0,1,0,0,TRUE,0,0,0,0,0,0,0,0,0,0,0,0,0,0,0,0,18.005,0,18.005,0,0,0,0,0,0,0,0,0,0,0,0,0,0,-13,6.5,0,0,"1,848",,0,0
23,FALSE,FALSE,FALSE,FALSE,FALSE,FALSE,FALSE,FALSE,FALSE,FALSE,31,FALSE,FALSE,FALSE,FALSE,FALSE,FALSE,FALSE,FALSE,FALSE,FALSE,0,0,0,NEUTRAL,Troy,Sun Belt,0,1,0,0,TRUE,0,0,0,0,0,0,0,0,0,0,0,0,0,0,0,0,18.005,0,18.005,0,0,0,0,0,0,0,0,0,0,0,0,0,0,-13,6.5,0,0,"1,848",,0,0
64,FALSE,FALSE,FALSE,FALSE,FALSE,FALSE,FALSE,FALSE,FALSE,FALSE,57,FALSE,FALSE,FALSE,FALSE,FALSE,FALSE,FALSE,FALSE,FALSE,FALSE,0,0,0,NEUTRAL,Troy,Sun Belt,0,1,0,0,FALSE,0,0,0,0,0,0,0,0,0,0,0,0,0,0,0,0,18.005,0,18.005,0,0,0,0,0,0,0,0,0,0,0,0,0,0,-13,6.5,0,0,"1,848",,0,0
6,FALSE,FALSE,FALSE,FALSE,FALSE,FALSE,FALSE,FALSE,FALSE,FALSE,10,FALSE,FALSE,FALSE,FALSE,FALSE,FALSE,FALSE,FALSE,FALSE,FALSE,0,0,0,NEUTRAL,Troy,Sun Belt,0,1,0,0,FALSE,0,0,0,0,0,0,0,0,0,0,0,0,0,0,0,0,18.005,0,18.005,0,0,0,0,0,0,0,0,0,0,0,0,0,0,-13,6.5,0,0,"1,848",,0,0
22,FALSE,FALSE,FALSE,FALSE,FALSE,FALSE,FALSE,FALSE,FALSE,FALSE,21,FALSE,FALSE,FALSE,FALSE,FALSE,FALSE,FALSE,FALSE,FALSE,FALSE,0,0,0,NEUTRAL,Troy,Sun Belt,0,1,0,0,TRUE,0,0,0,0,0,0,0,0,0,0,0,0,0,0,0,0,18.005,0,18.005,0,0,0,0,0,0,0,0,0,0,0,0,0,0,-13,6.5,0,0,"1,848",,0,0
20,FALSE,FALSE,FALSE,FALSE,FALSE,FALSE,FALSE,FALSE,FALSE,FALSE,13,FALSE,FALSE,FALSE,FALSE,FALSE,FALSE,FALSE,FALSE,FALSE,FALSE,0,0,0,NEUTRAL,Troy,Sun Belt,0,1,0,0,FALSE,0,0,0,0,0,0,0,0,0,0,0,0,0,0,0,0,18.005,0,18.005,0,0,0,0,0,0,0,0,0,0,0,0,0,0,-13,6.5,0,0,"1,848",,0,0
25,FALSE,FALSE,FALSE,FALSE,FALSE,FALSE,FALSE,FALSE,FALSE,FALSE,18,FALSE,FALSE,FALSE,FALSE,FALSE,FALSE,FALSE,FALSE,FALSE,FALSE,0,0,0,NEUTRAL,Troy,Sun Belt,0,1,0,0,FALSE,0,0,0,0,0,0,0,0,0,0,0,0,0,0,0,0,18.005,0,18.005,0,0,0,0,0,0,0,0,0,0,0,0,0,0,-13,6.5,0,0,"1,848",,0,0
Rebounding,FALSE,FALSE,FALSE,FALSE,FALSE,FALSE,FALSE,FALSE,FALSE,FALSE,Rebounding,FALSE,FALSE,FALSE,FALSE,FALSE,FALSE,FALSE,FALSE,FALSE,FALSE,0,0,0,NEUTRAL,Troy,Sun Belt,0,1,0,0,FALSE,0,0,0,0,0,0,0,0,0,0,0,0,0,0,0,0,18.005,0,18.005,0,0,0,0,0,0,0,0,0,0,0,0,0,0,-13,6.5,0,0,"1,848",,0,0
22,FALSE,FALSE,FALSE,FALSE,FALSE,FALSE,FALSE,FALSE,FALSE,FALSE,9,FALSE,FALSE,FALSE,FALSE,FALSE,FALSE,FALSE,FALSE,FALSE,FALSE,0,0,0,NEUTRAL,Troy,Sun Belt,0,1,0,0,FALSE,0,0,0,0,0,0,0,0,0,0,0,0,0,0,0,0,18.005,0,18.005,0,0,0,0,0,0,0,0,0,0,0,0,0,0,-13,6.5,0,0,"1,848",,0,0
19,FALSE,FALSE,FALSE,FALSE,FALSE,FALSE,FALSE,FALSE,FALSE,FALSE,22,FALSE,FALSE,FALSE,FALSE,FALSE,FALSE,FALSE,FALSE,FALSE,FALSE,0,0,0,NEUTRAL,Troy,Sun Belt,0,1,0,0,FALSE,0,0,0,0,0,0,0,0,0,0,0,0,0,0,0,0,18.005,0,18.005,0,0,0,0,0,0,0,0,0,0,0,0,0,0,-13,6.5,0,0,"1,848",,0,0
AST/TURN/STL,FALSE,FALSE,FALSE,FALSE,FALSE,FALSE,FALSE,FALSE,FALSE,FALSE,AST/TURN/STL,FALSE,FALSE,FALSE,FALSE,FALSE,FALSE,FALSE,FALSE,FALSE,FALSE,0,0,0,NEUTRAL,Troy,Sun Belt,0,1,0,0,FALSE,0,0,0,0,0,0,0,0,0,0,0,0,0,0,0,0,18.005,0,18.005,0,0,0,0,0,0,0,0,0,0,0,0,0,0,-13,6.5,0,0,"1,848",,0,0
16,FALSE,FALSE,FALSE,FALSE,FALSE,FALSE,FALSE,FALSE,FALSE,FALSE,24,FALSE,FALSE,FALSE,FALSE,FALSE,FALSE,FALSE,FALSE,FALSE,FALSE,0,0,0,NEUTRAL,Troy,Sun Belt,0,1,0,0,FALSE,0,0,0,0,0,0,0,0,0,0,0,0,0,0,0,0,18.005,0,18.005,0,0,0,0,0,0,0,0,0,0,0,0,0,0,-13,6.5,0,0,"1,848",,0,0
14,FALSE,FALSE,FALSE,FALSE,FALSE,FALSE,FALSE,FALSE,FALSE,FALSE,10,FALSE,FALSE,FALSE,FALSE,FALSE,FALSE,FALSE,FALSE,FALSE,FALSE,0,0,0,NEUTRAL,Troy,Sun Belt,0,1,0,0,FALSE,0,0,0,0,0,0,0,0,0,0,0,0,0,0,0,0,18.005,0,18.005,0,0,0,0,0,0,0,0,0,0,0,0,0,0,-13,6.5,0,0,"1,848",,0,0
6,FALSE,FALSE,FALSE,FALSE,FALSE,FALSE,FALSE,FALSE,FALSE,FALSE,5,FALSE,FALSE,FALSE,FALSE,FALSE,FALSE,FALSE,FALSE,FALSE,FALSE,0,0,0,NEUTRAL,Troy,Sun Belt,0,1,0,0,FALSE,0,0,0,0,0,0,0,0,0,0,0,0,0,0,0,0,18.005,0,18.005,0,0,0,0,0,0,0,0,0,0,0,0,0,0,-13,6.5,0,0,"1,848",,0,0
MISC,FALSE,FALSE,FALSE,FALSE,FALSE,FALSE,FALSE,FALSE,FALSE,FALSE,MISC,FALSE,FALSE,FALSE,FALSE,FALSE,FALSE,FALSE,FALSE,FALSE,FALSE,0,0,0,NEUTRAL,Troy,Sun Belt,0,1,0,0,FALSE,0,0,0,0,0,0,0,0,0,0,0,0,0,0,0,0,18.005,0,18.005,0,0,0,0,0,0,0,0,0,0,0,0,0,0,-13,6.5,0,0,"1,848",,0,0
11,FALSE,FALSE,FALSE,FALSE,FALSE,FALSE,FALSE,FALSE,FALSE,FALSE,23,FALSE,FALSE,FALSE,FALSE,FALSE,FALSE,FALSE,FALSE,FALSE,FALSE,0,0,0,NEUTRAL,Troy,Sun Belt,0,1,0,0,FALSE,0,0,0,0,0,0,0,0,0,0,0,0,0,0,0,0,18.005,0,18.005,0,0,0,0,0,0,0,0,0,0,0,0,0,0,-13,6.5,0,0,"1,848",,0,0
6,FALSE,FALSE,FALSE,FALSE,FALSE,FALSE,FALSE,FALSE,FALSE,FALSE,22,FALSE,FALSE,FALSE,FALSE,FALSE,FALSE,FALSE,FALSE,FALSE,FALSE,Clutch SM for Troy,,,,,,,,,,,,,,,,,,,,,,,,,,,,,,,,,,,,,,,,,,,,,,,,,,,
30,FALSE,FALSE,FALSE,FALSE,FALSE,FALSE,FALSE,FALSE,FALSE,FALSE,38,FALSE,FALSE,FALSE,FALSE,FALSE,FALSE,FALSE,FALSE,FALSE,FALSE,2,,,,,,,,,,,,,,,,,,,,,,,,,,,,,,,,,,,,,,,,,,,,,,,,,,,
Largest Lead,FALSE,FALSE,FALSE,FALSE,FALSE,FALSE,FALSE,FALSE,FALSE,FALSE,Largest Lead,FALSE,FALSE,FALSE,FALSE,FALSE,FALSE,FALSE,FALSE,FALSE,FALSE,0,73.223,,,,,,,,,,,,,,,,,,,,,,,,,,,,,,,,,,,,,,,,,,,,,,,,,,
0,FALSE,FALSE,FALSE,FALSE,FALSE,FALSE,FALSE,FALSE,FALSE,FALSE,16,FALSE,FALSE,FALSE,FALSE,FALSE,FALSE,FALSE,FALSE,FALSE,FALSE,0,18.005,,,,,,,,,,,,,,,,,,,,,,,,,,,,,,,,,,,,,,,,,,,,,,,,,,
TRUE,FALSE,FALSE,FALSE,FALSE,FALSE,FALSE,FALSE,FALSE,FALSE,FALSE,,FALSE,FALSE,FALSE,FALSE,FALSE,FALSE,FALSE,FALSE,FALSE,FALSE,LEFT ACTIVE VALUE,LEFT HISTORICAL,,,,,,,,,,,,,,,,,,,,,,,,,,,,,,,,,,,,,,,,,,,,,,,,,,
Line,FALSE,FALSE,FALSE,FALSE,FALSE,FALSE,FALSE,FALSE,FALSE,FALSE,Line,FALSE,FALSE,FALSE,FALSE,FALSE,FALSE,FALSE,FALSE,FALSE,FALSE,0,Oregon - 73.223,,,FOULS,,,,,,,,,,,,,,,,,,,,,,,,,,,,,,,,,,,,,,,,,,,,,,,
FALSE,FALSE,FALSE,FALSE,FALSE,FALSE,FALSE,FALSE,FALSE,FALSE,FALSE,FALSE,FALSE,FALSE,FALSE,FALSE,FALSE,FALSE,FALSE,FALSE,FALSE,FALSE,RIGHT ACTIVE VALUE,RIGHT HISTORICAL,,,Troy,6,,,,,,,,,,,,,,,,,,,,,,,,,,,,,,,,,,,,,,,,,,,,,,
6.5,0,0,0,0,0,0,0,0,0,0,6.5,0,0,0,0,0,0,0,0,0,0,0,Troy - 18.005,,,Oregon,3,,,,,,,,,,,,,,,,,,,,,,,,,,,,,,,,,,,,,,,,,,,,,,